384.00000,
177.00000,
0.00000,-0.01216,-0.00987,-0.00110,-0.00204,-0.03166,-0.01457,-0.00015,-0.00071,-0.00086,-0.00183,-0.00030,-0.00081,-0.00035,0.00000,-0.00491,0.00000,-0.00137,0.00000,-0.01057,0.00000,-0.01869,0.00000,-0.00004,0.00000,-0.00576,0.00000,-0.00055,0.00000,-36.97550,0.00000,-0.00017,0.00000,-1.19936,0.00000,-0.00041,0.00000,-0.00054,0.00000,-0.00070,0.00000,-0.00530,0.00000,-0.00166,0.00000,-0.00544,0.00000,-0.00026,0.00000,-0.00102,0.00000,-0.00045,0.00000,-0.00096,0.00000,-0.00035,0.00000,-0.00451,0.00000,-0.00181,0.00000,-0.01828,0.00000,-0.00050,0.00000,-0.00037,0.00000,-0.00493,0.00000,-0.00007,0.00000,-0.00059,0.00000,-0.00080,0.00000,-0.01656,0.00000,-0.02512,0.00000,-0.00161,0.00000,-0.00277,0.00000,-0.00098,0.00000,-0.00056,0.00000,-0.76630,0.00000,-0.00093,0.00000,-0.00015,0.00000,-0.00099,0.00000,-0.00367,0.00000,-36.97550,0.00000,-0.00307,0.00000,-0.00155,0.00000,-0.00082,0.00000,-0.00081,0.00000,-0.00035,0.00000,-0.06021,0.00000,-0.02780,0.00000,-0.00350,0.00000,-0.00493,0.00000,-0.00064,0.00000,-0.00117,0.00000,-0.00795,0.00000,-0.02239,0.00000,-36.97550,0.00000,-0.00845,0.00000,-0.00032,0.00000,-0.00493,0.00000,-0.00083,0.00000,-0.00088,0.00000,-36.97550,0.00000,-0.02461,0.00000,-0.00275,0.00000,-0.00126,0.00000,-4.21205,0.00000,-0.00493,0.00000,-0.00029,0.00000,-0.00023,0.00000,-0.00031,0.00000,-0.00058,0.00000,-0.00016,0.00000,-0.00029,0.00000,-0.00065,0.00000,-0.00082,0.00000,-0.01712,0.00000,-0.00079,0.00000,-0.00096,0.00000,-2.02779,0.00000,-36.97550,0.00000,-0.00064,0.00000,-0.00066,0.00000,-0.00053,0.00000,-0.27848,0.00000,-0.00033,0.00000,-0.00017,0.00000,-0.00104,0.00000,-0.00035,0.00000,-0.00044,0.00000,-4.90357,0.00000,-0.00182,0.00000,-0.00055,0.00000,-0.00121,0.00000,-0.00036,0.00000,-0.00038,0.00000,-0.00031,0.00000,-0.00294,0.00000,-0.00091,0.00000,-0.00041,0.00000,-7.20191,0.00000,-0.01001,0.00000,-0.00044,0.00000,-1.47121,0.00000,-1.67434,0.00000,-0.00493,0.00000,-0.10581,0.00000,-0.05290,0.00000,-0.04984,0.00000,-0.06951,0.00000,-0.07255,0.00000,-0.09055,0.00000,-0.09768,0.00000,-0.11119,0.00000,-0.11188,0.00000,-0.12531,0.00000,-0.17304,0.00000,-0.03396,0.00000,-0.00802,0.00000,-0.00712,0.00000,-0.00486,0.00000,-0.00484,0.00000,-4.69061,0.00000,-0.05647,0.00000,-0.00344,0.00000,-0.00594,0.00000,-0.01574,0.00000,-0.00706,0.00000,-0.00407,0.00000,-0.00638,0.00000,-0.23199,0.00000,-0.35382,0.00000,-0.00654,0.00000,-0.18380,0.00000,-0.08188,0.00000,-0.41406,0.00000,-0.00585,0.00000,-0.00654,0.00000,-0.00899,0.00000,-0.00601,0.00000,-0.06338,0.00000,-0.82823,0.00000,-0.02236,0.00000,-0.01166,0.00000,-2.70835,0.00000,-3.23693,0.00000,-0.15272,0.00000,-1.87468,0.00000,-0.15084,0.00000,-0.13675,0.00000,-0.97055,0.00000,-0.00459,0.00000,-0.23182,0.00000,-0.02772,0.00000,-0.30173,0.00000,-0.02165,0.00000,-5.23565,0.00000,-0.09720,0.00000,-1.79193,0.00000,-0.00818,0.00000,-0.22656,0.00000,-0.00447,0.00000,-0.12130,0.00000,-0.00807,0.00000,-0.51756,0.00000,-0.28550,0.00000,-3.55679,0.00000,-1.43172,0.00000,-387937375605.00000,0.00000,-523671303682.00000,0.00000,-165624941865.00000,0.00000,-132308561563.00000,0.00000,-1533140521.80000,-0.33333,-223243484594.00000,-1.12110,-585007304606.00000,-0.18301,-75052256092.30000,-0.57927,-87578819652.00000,-0.84261,-198617641993.00000,-1.12897,-1740678407940.00000,-4033333333330000084992.00000,-2016666666669999915008.00000,-2016666666669999915008.00000,-2016666666669999915008.00000,-2016666666669999915008.00000,-2016666666669999915008.00000,-2016666666669999915008.00000,0.00000,-2016666666669999915008.00000,-2016666666669999915008.00000,-2016666666669999915008.00000,-11519173063.20000,-0.68027,-18.69996,
-0.00987,-0.01216,-0.00201,-0.00112,-0.01457,-0.03166,-0.00077,-0.00014,-0.00182,-0.00086,-0.00089,-0.00027,-0.00110,0.00000,-0.00580,0.00000,-0.00260,0.00000,-0.01241,0.00000,-0.01270,0.00000,-0.00033,0.00000,-0.00583,0.00000,-0.00123,0.00000,-1.28854,0.00000,-0.00065,0.00000,-0.09216,0.00000,-0.00123,0.00000,-0.00177,0.00000,-0.00157,0.00000,-0.00931,0.00000,-0.00279,0.00000,-0.00647,0.00000,-0.00096,0.00000,-0.00220,0.00000,-0.00135,0.00000,-0.00199,0.00000,-0.00116,0.00000,-0.00848,0.00000,-0.00284,0.00000,-0.01039,0.00000,-0.00167,0.00000,-0.00138,0.00000,-0.02291,0.00000,-0.00053,0.00000,-0.00235,0.00000,-0.00204,0.00000,-0.01837,0.00000,-0.04171,0.00000,-0.00462,0.00000,-0.00533,0.00000,-0.00231,0.00000,-0.00164,0.00000,-0.23617,0.00000,-0.00232,0.00000,-0.00091,0.00000,-0.00178,0.00000,-0.00599,0.00000,-1.28854,0.00000,-0.00836,0.00000,-0.00744,0.00000,-0.00619,0.00000,-0.00611,0.00000,-0.00142,0.00000,-0.10070,0.00000,-0.03947,0.00000,-0.01133,0.00000,-0.02291,0.00000,-0.00839,0.00000,-0.01141,0.00000,-0.02730,0.00000,-0.07292,0.00000,-1.28854,0.00000,-0.05600,0.00000,-0.00818,0.00000,-0.02291,0.00000,-0.00501,0.00000,-0.05101,0.00000,-1.28854,0.00000,-0.03669,0.00000,-0.01196,0.00000,-0.00738,0.00000,-1.69804,0.00000,-0.02291,0.00000,-0.00226,0.00000,-0.00210,0.00000,-0.00221,0.00000,-0.00515,0.00000,-0.00151,0.00000,-0.00247,0.00000,-0.00294,0.00000,-0.00404,0.00000,-0.03328,0.00000,-0.00532,0.00000,-0.00698,0.00000,-2.75536,0.00000,-1.28854,0.00000,-0.00291,0.00000,-0.00297,0.00000,-0.00385,0.00000,-0.25775,0.00000,-0.00253,0.00000,-0.00119,0.00000,-0.00581,0.00000,-0.00249,0.00000,-0.00341,0.00000,-1.17726,0.00000,-0.00877,0.00000,-0.00336,0.00000,-0.00766,0.00000,-0.00241,0.00000,-0.00313,0.00000,-0.00251,0.00000,-0.00639,0.00000,-0.00371,0.00000,-0.00269,0.00000,-2.87063,0.00000,-0.04040,0.00000,-0.00345,0.00000,-1.99416,0.00000,-3.65554,0.00000,-0.02291,0.00000,-0.03084,0.00000,-0.05290,0.00000,-0.06282,0.00000,-0.06951,0.00000,-0.09019,0.00000,-0.09055,0.00000,-0.11423,0.00000,-0.11119,0.00000,-0.12480,0.00000,-0.12531,0.00000,-0.25062,0.00000,-0.01167,0.00000,-0.00100,0.00000,-0.00096,0.00000,-0.00073,0.00000,-0.00071,0.00000,-21.31484,0.00000,-0.02580,0.00000,-0.00042,0.00000,-0.00080,0.00000,-0.00563,0.00000,-0.00192,0.00000,-0.00047,0.00000,-0.00098,0.00000,-0.25106,0.00000,-0.26517,0.00000,-0.00152,0.00000,-0.15809,0.00000,-0.03085,0.00000,-0.52443,0.00000,-0.00062,0.00000,-0.00081,0.00000,-0.00157,0.00000,-0.00076,0.00000,-0.01622,0.00000,-1.19326,0.00000,-0.00569,0.00000,-0.00181,0.00000,-3.10744,0.00000,-1.15946,0.00000,-0.21911,0.00000,-5.16395,0.00000,-0.08657,0.00000,-0.09823,0.00000,-0.79642,0.00000,-0.00054,0.00000,-0.23903,0.00000,-0.00511,0.00000,-0.55558,0.00000,-0.00688,0.00000,-10.29365,0.00000,-0.03175,0.00000,-2.24908,0.00000,-0.00089,0.00000,-0.16866,0.00000,-0.00057,0.00000,-0.10344,0.00000,-0.00088,0.00000,-0.71538,0.00000,-0.25710,0.00000,-1.33606,0.00000,-1.23252,0.00000,-0.69959,0.00000,-1.10784,0.00000,-0.50505,0.00000,-0.24235,0.00000,-0.00040,-0.63758,-0.33333,-1.67078,-1.12110,-0.21435,-0.18301,-0.25012,-0.57927,-0.56725,-0.84261,-4.97137,-1.12897,-11519173063.20000,-2016666666669999915008.00000,-2016666666669999915008.00000,-2016666666669999915008.00000,-2016666666669999915008.00000,-2016666666669999915008.00000,-2016666666669999915008.00000,0.00000,-2016666666669999915008.00000,-2016666666669999915008.00000,-2016666666669999915008.00000,-4033333333330000084992.00000,-18.69996,-0.68027,0.00000,
0.00000,2.00000,19.00000,4.00000,19.00000,6.00000,21.00000,8.00000,21.00000,10.00000,33.00000,12.00000,33.00000,14.00000,37.00000,16.00000,37.00000,18.00000,41.00000,20.00000,41.00000,22.00000,57.00000,24.00000,57.00000,26.00000,61.00000,28.00000,61.00000,30.00000,67.00000,32.00000,71.00000,34.00000,71.00000,36.00000,75.00000,38.00000,75.00000,40.00000,77.00000,42.00000,77.00000,44.00000,79.00000,46.00000,79.00000,48.00000,81.00000,50.00000,81.00000,52.00000,83.00000,54.00000,83.00000,56.00000,87.00000,58.00000,87.00000,60.00000,89.00000,62.00000,89.00000,64.00000,95.00000,66.00000,95.00000,68.00000,97.00000,70.00000,99.00000,72.00000,99.00000,74.00000,101.00000,76.00000,101.00000,78.00000,103.00000,80.00000,103.00000,82.00000,105.00000,84.00000,105.00000,86.00000,109.00000,88.00000,109.00000,90.00000,111.00000,92.00000,111.00000,94.00000,113.00000,96.00000,113.00000,98.00000,115.00000,100.00000,117.00000,102.00000,117.00000,104.00000,119.00000,106.00000,119.00000,108.00000,121.00000,110.00000,121.00000,112.00000,123.00000,114.00000,123.00000,116.00000,125.00000,118.00000,127.00000,120.00000,127.00000,122.00000,129.00000,124.00000,129.00000,126.00000,131.00000,128.00000,135.00000,130.00000,135.00000,132.00000,137.00000,134.00000,145.00000,136.00000,145.00000,138.00000,147.00000,140.00000,165.00000,142.00000,165.00000,144.00000,171.00000,146.00000,171.00000,148.00000,173.00000,150.00000,181.00000,152.00000,181.00000,154.00000,193.00000,156.00000,193.00000,158.00000,213.00000,160.00000,213.00000,162.00000,215.00000,164.00000,215.00000,166.00000,219.00000,168.00000,219.00000,170.00000,221.00000,172.00000,221.00000,174.00000,223.00000,176.00000,246.00000,178.00000,246.00000,180.00000,256.00000,182.00000,256.00000,184.00000,258.00000,186.00000,258.00000,188.00000,272.00000,190.00000,272.00000,192.00000,274.00000,194.00000,274.00000,196.00000,278.00000,198.00000,278.00000,200.00000,280.00000,202.00000,280.00000,204.00000,282.00000,206.00000,282.00000,208.00000,292.00000,210.00000,292.00000,212.00000,294.00000,214.00000,294.00000,216.00000,300.00000,218.00000,300.00000,220.00000,302.00000,222.00000,302.00000,224.00000,304.00000,226.00000,227.00000,228.00000,229.00000,230.00000,231.00000,232.00000,233.00000,234.00000,235.00000,236.00000,237.00000,238.00000,239.00000,240.00000,241.00000,242.00000,243.00000,244.00000,245.00000,306.00000,247.00000,306.00000,249.00000,308.00000,251.00000,308.00000,253.00000,310.00000,255.00000,310.00000,257.00000,312.00000,259.00000,312.00000,261.00000,316.00000,263.00000,316.00000,265.00000,318.00000,267.00000,318.00000,269.00000,320.00000,271.00000,320.00000,273.00000,324.00000,275.00000,324.00000,277.00000,326.00000,279.00000,326.00000,281.00000,328.00000,283.00000,328.00000,285.00000,332.00000,287.00000,332.00000,289.00000,336.00000,291.00000,336.00000,293.00000,340.00000,295.00000,340.00000,297.00000,342.00000,299.00000,342.00000,301.00000,344.00000,303.00000,344.00000,305.00000,346.00000,307.00000,348.00000,309.00000,348.00000,311.00000,350.00000,313.00000,350.00000,315.00000,352.00000,317.00000,352.00000,319.00000,354.00000,321.00000,354.00000,323.00000,358.00000,325.00000,358.00000,327.00000,360.00000,329.00000,360.00000,331.00000,362.00000,333.00000,362.00000,335.00000,364.00000,337.00000,364.00000,339.00000,366.00000,341.00000,366.00000,343.00000,368.00000,345.00000,368.00000,347.00000,370.00000,349.00000,371.00000,351.00000,372.00000,353.00000,373.00000,355.00000,374.00000,357.00000,375.00000,359.00000,376.00000,361.00000,377.00000,363.00000,378.00000,365.00000,379.00000,367.00000,380.00000,369.00000,381.00000,371.00000,372.00000,373.00000,374.00000,375.00000,376.00000,377.00000,378.00000,379.00000,380.00000,381.00000,382.00000,383.00000,384.00000,
0.00000,0.00000,0.00000,1.00000,1.00000,2.00000,2.00000,3.00000,3.00000,3.00000,3.00000,3.00000,3.00000,3.00000,3.00000,3.00000,3.00000,3.00000,3.00000,3.00000,3.00000,3.00000,3.00000,3.00000,3.00000,3.00000,3.00000,3.00000,4.00000,4.00000,5.00000,5.00000,6.00000,6.00000,7.00000,7.00000,8.00000,8.00000,9.00000,9.00000,10.00000,10.00000,11.00000,11.00000,12.00000,12.00000,13.00000,13.00000,14.00000,14.00000,15.00000,15.00000,16.00000,16.00000,17.00000,17.00000,18.00000,18.00000,19.00000,19.00000,20.00000,20.00000,21.00000,21.00000,22.00000,22.00000,23.00000,23.00000,24.00000,24.00000,25.00000,25.00000,26.00000,26.00000,27.00000,27.00000,28.00000,28.00000,29.00000,29.00000,30.00000,30.00000,31.00000,31.00000,32.00000,32.00000,33.00000,33.00000,34.00000,34.00000,35.00000,35.00000,36.00000,36.00000,37.00000,37.00000,38.00000,38.00000,39.00000,39.00000,40.00000,40.00000,41.00000,41.00000,42.00000,42.00000,43.00000,43.00000,44.00000,44.00000,45.00000,45.00000,46.00000,46.00000,47.00000,47.00000,48.00000,48.00000,49.00000,49.00000,50.00000,50.00000,51.00000,51.00000,52.00000,52.00000,53.00000,53.00000,54.00000,54.00000,55.00000,55.00000,56.00000,56.00000,57.00000,57.00000,58.00000,58.00000,59.00000,59.00000,60.00000,60.00000,61.00000,61.00000,62.00000,62.00000,63.00000,63.00000,64.00000,64.00000,65.00000,65.00000,66.00000,66.00000,67.00000,67.00000,68.00000,68.00000,69.00000,69.00000,70.00000,70.00000,71.00000,71.00000,72.00000,72.00000,73.00000,73.00000,74.00000,74.00000,75.00000,75.00000,76.00000,76.00000,77.00000,77.00000,78.00000,78.00000,79.00000,79.00000,80.00000,80.00000,81.00000,81.00000,82.00000,82.00000,83.00000,83.00000,84.00000,84.00000,85.00000,85.00000,86.00000,86.00000,87.00000,87.00000,88.00000,88.00000,89.00000,89.00000,90.00000,90.00000,91.00000,91.00000,92.00000,92.00000,93.00000,93.00000,94.00000,94.00000,95.00000,95.00000,96.00000,96.00000,97.00000,97.00000,98.00000,98.00000,99.00000,99.00000,100.00000,100.00000,101.00000,101.00000,102.00000,102.00000,103.00000,103.00000,104.00000,104.00000,105.00000,105.00000,106.00000,106.00000,107.00000,107.00000,108.00000,108.00000,109.00000,109.00000,110.00000,110.00000,111.00000,111.00000,112.00000,112.00000,113.00000,113.00000,114.00000,114.00000,115.00000,115.00000,116.00000,116.00000,117.00000,117.00000,118.00000,118.00000,119.00000,119.00000,120.00000,120.00000,121.00000,121.00000,122.00000,122.00000,123.00000,123.00000,124.00000,124.00000,125.00000,125.00000,126.00000,126.00000,127.00000,127.00000,128.00000,128.00000,129.00000,129.00000,130.00000,130.00000,131.00000,131.00000,132.00000,132.00000,133.00000,133.00000,134.00000,134.00000,135.00000,135.00000,136.00000,136.00000,137.00000,137.00000,138.00000,138.00000,139.00000,139.00000,140.00000,140.00000,141.00000,141.00000,142.00000,142.00000,143.00000,143.00000,144.00000,144.00000,145.00000,145.00000,146.00000,146.00000,147.00000,147.00000,148.00000,148.00000,149.00000,149.00000,150.00000,150.00000,151.00000,151.00000,152.00000,152.00000,153.00000,153.00000,154.00000,154.00000,155.00000,155.00000,156.00000,156.00000,157.00000,157.00000,158.00000,158.00000,159.00000,159.00000,160.00000,160.00000,161.00000,161.00000,162.00000,162.00000,163.00000,163.00000,164.00000,164.00000,165.00000,165.00000,166.00000,166.00000,167.00000,167.00000,168.00000,168.00000,169.00000,169.00000,170.00000,170.00000,171.00000,171.00000,172.00000,172.00000,173.00000,173.00000,174.00000,174.00000,175.00000,175.00000,176.00000,176.00000,176.00000,176.00000,176.00000,176.00000,176.00000,176.00000,176.00000,176.00000,176.00000,176.00000,
0.00000,0.75000,0.00000,0.75000,0.00000,0.75000,0.00000,0.75000,0.75000,0.75000,0.75000,0.75000,0.75000,0.75000,0.75000,0.75000,0.75000,0.75000,0.75000,0.75000,0.75000,0.75000,0.75000,0.75000,0.75000,0.75000,0.75000,0.00000,0.75000,0.00000,0.75000,0.00000,0.75000,0.00000,0.75000,0.00000,0.75000,0.00000,0.75000,0.00000,0.75000,0.00000,0.75000,0.00000,0.75000,0.00000,0.75000,0.00000,0.75000,0.00000,0.75000,0.00000,0.75000,0.00000,0.75000,0.00000,0.75000,0.00000,0.75000,0.00000,0.75000,0.00000,0.75000,0.00000,0.75000,0.00000,0.75000,0.00000,0.75000,0.00000,0.75000,0.00000,0.75000,0.00000,0.75000,0.00000,0.75000,0.00000,0.75000,0.00000,0.75000,0.00000,0.75000,0.00000,0.75000,0.00000,0.75000,0.00000,0.75000,0.00000,0.75000,0.00000,0.75000,0.00000,0.75000,0.00000,0.75000,0.00000,0.75000,0.00000,0.75000,0.00000,0.75000,0.00000,0.75000,0.00000,0.75000,0.00000,0.75000,0.00000,0.75000,0.00000,0.75000,0.00000,0.75000,0.00000,0.75000,0.00000,0.75000,0.00000,0.75000,0.00000,0.75000,0.00000,0.75000,0.00000,0.75000,0.00000,0.75000,0.00000,0.75000,0.00000,0.75000,0.00000,0.75000,0.00000,0.75000,0.00000,0.75000,0.00000,0.75000,0.00000,0.75000,0.00000,0.75000,0.00000,0.75000,0.00000,0.75000,0.00000,0.75000,0.00000,0.75000,0.00000,0.75000,0.00000,0.75000,0.00000,0.75000,0.00000,0.75000,0.00000,0.75000,0.00000,0.75000,0.00000,0.75000,0.00000,0.75000,0.00000,0.75000,0.00000,0.75000,0.00000,0.75000,0.00000,0.75000,0.00000,0.75000,0.00000,0.75000,0.00000,0.75000,0.00000,0.75000,0.00000,0.75000,0.00000,0.75000,0.00000,0.75000,0.00000,0.75000,0.00000,0.75000,0.00000,0.75000,0.00000,0.75000,0.00000,0.75000,0.00000,0.75000,0.00000,0.75000,0.00000,0.75000,0.00000,0.75000,0.00000,0.75000,0.00000,0.75000,0.00000,0.75000,0.00000,0.75000,0.00000,0.75000,0.00000,0.75000,0.00000,0.75000,0.00000,0.75000,0.00000,0.75000,0.00000,0.75000,0.00000,0.75000,0.00000,0.75000,0.00000,0.75000,0.00000,0.75000,0.00000,0.75000,0.00000,0.75000,0.00000,0.75000,0.00000,0.75000,0.00000,0.75000,0.00000,0.75000,0.00000,0.75000,0.00000,0.75000,0.00000,0.75000,0.00000,0.75000,0.00000,0.75000,0.00000,0.75000,0.00000,0.75000,0.00000,0.75000,0.00000,0.75000,0.00000,0.75000,0.00000,0.75000,0.00000,0.75000,0.00000,0.75000,0.00000,0.75000,0.00000,0.75000,0.00000,0.75000,0.00000,0.75000,0.00000,0.75000,0.00000,0.75000,0.00000,0.75000,0.00000,0.75000,0.00000,0.75000,0.00000,0.75000,0.00000,0.75000,0.00000,0.75000,0.00000,0.75000,0.00000,0.75000,0.00000,0.75000,0.00000,0.75000,0.00000,0.75000,0.00000,0.75000,0.00000,0.75000,0.00000,0.75000,0.00000,0.75000,0.00000,0.75000,0.00000,0.75000,0.00000,0.75000,0.00000,0.75000,0.00000,0.75000,0.00000,0.75000,0.00000,0.75000,0.00000,0.75000,0.00000,0.75000,0.00000,0.75000,0.00000,0.75000,0.00000,0.75000,0.00000,0.75000,0.00000,0.75000,0.00000,0.75000,0.00000,0.75000,0.00000,0.75000,0.00000,0.04000,0.00000,0.04000,0.00000,0.04000,0.00000,0.04000,0.00000,0.04000,0.00000,0.75000,0.00000,0.75000,0.00000,0.75000,0.00000,0.75000,0.00000,0.75000,0.00000,0.75000,0.75000,0.75000,0.75000,0.75000,0.75000,0.75000,0.75000,0.75000,0.75000,0.75000,0.00000,
6.00000,
0.00000,0.00000,0.00000,0.00000,0.00000,0.00000,1.00000,1.00000,1.00000,1.00000,1.00000,1.00000,0.00000,0.00000,0.00000,0.00000,0.00000,0.00000,0.00000,0.00000,0.00000,0.00000,0.00000,1.00000,0.00000,0.00000,0.00000,0.00000,0.00000,0.00000,1.00000,1.00000,1.00000,1.00000,0.00000,1.00000,0.00000,0.00000,0.00000,0.00000,0.00000,0.00000,1.00000,1.00000,1.00000,1.00000,0.00000,1.00000,1.00000,1.00000,1.00000,1.00000,0.00000,1.00000,1.00000,1.00000,1.00000,1.00000,0.00000,1.00000,1.00000,1.00000,1.00000,1.00000,0.00000,1.00000,1.00000,1.00000,1.00000,1.00000,0.00000,1.00000,1.00000,1.00000,1.00000,1.00000,0.00000,1.00000,1.00000,1.00000,1.00000,1.00000,0.00000,1.00000,1.00000,1.00000,1.00000,1.00000,0.00000,1.00000,1.00000,1.00000,1.00000,1.00000,0.00000,1.00000,1.00000,1.00000,1.00000,1.00000,0.00000,1.00000,1.00000,1.00000,1.00000,1.00000,0.00000,1.00000,1.00000,1.00000,1.00000,1.00000,0.00000,1.00000,1.00000,1.00000,1.00000,1.00000,0.00000,1.00000,1.00000,1.00000,1.00000,1.00000,0.00000,1.00000,1.00000,1.00000,1.00000,1.00000,0.00000,1.00000,1.00000,1.00000,1.00000,1.00000,0.00000,1.00000,1.00000,1.00000,1.00000,1.00000,0.00000,1.00000,1.00000,1.00000,1.00000,1.00000,0.00000,1.00000,1.00000,1.00000,1.00000,1.00000,0.00000,1.00000,1.00000,1.00000,1.00000,1.00000,0.00000,1.00000,0.00000,0.00000,0.00000,0.00000,0.00000,0.00000,1.00000,1.00000,1.00000,1.00000,0.00000,1.00000,0.00000,0.00000,0.00000,0.00000,0.00000,0.00000,1.00000,1.00000,1.00000,1.00000,0.00000,1.00000,0.00000,0.00000,0.00000,0.00000,0.00000,0.00000,1.00000,1.00000,1.00000,1.00000,0.00000,1.00000,0.00000,0.00000,0.00000,0.00000,0.00000,0.00000,1.00000,1.00000,1.00000,1.00000,0.00000,1.00000,0.00000,0.00000,0.00000,0.00000,0.00000,0.00000,1.00000,1.00000,1.00000,1.00000,0.00000,1.00000,0.00000,0.00000,0.00000,0.00000,0.00000,0.00000,1.00000,1.00000,1.00000,1.00000,0.00000,1.00000,0.00000,0.00000,0.00000,0.00000,0.00000,0.00000,1.00000,1.00000,1.00000,1.00000,0.00000,1.00000,0.00000,0.00000,0.00000,0.00000,0.00000,0.00000,1.00000,1.00000,1.00000,1.00000,0.00000,1.00000,0.00000,0.00000,0.00000,0.00000,0.00000,0.00000,1.00000,1.00000,1.00000,1.00000,0.00000,1.00000,0.00000,0.00000,0.00000,0.00000,0.00000,0.00000,0.00000,0.00000,0.00000,0.00000,1.00000,1.00000,0.00000,0.00000,0.00000,0.00000,0.00000,0.00000,1.00000,1.00000,1.00000,1.00000,0.00000,1.00000,0.00000,0.00000,0.00000,0.00000,0.00000,0.00000,1.00000,1.00000,1.00000,1.00000,0.00000,1.00000,0.00000,0.00000,0.00000,0.00000,0.00000,0.00000,1.00000,1.00000,1.00000,1.00000,0.00000,1.00000,0.00000,0.00000,0.00000,0.00000,0.00000,0.00000,1.00000,1.00000,1.00000,1.00000,0.00000,1.00000,0.00000,0.00000,0.00000,0.00000,0.00000,0.00000,1.00000,1.00000,1.00000,1.00000,0.00000,1.00000,0.00000,0.00000,0.00000,0.00000,0.00000,0.00000,1.00000,1.00000,1.00000,1.00000,0.00000,1.00000,0.00000,0.00000,0.00000,0.00000,0.00000,0.00000,1.00000,1.00000,1.00000,1.00000,0.00000,1.00000,0.00000,0.00000,0.00000,0.00000,0.00000,0.00000,1.00000,1.00000,1.00000,1.00000,0.00000,1.00000,0.00000,0.00000,0.00000,0.00000,0.00000,0.00000,1.00000,1.00000,1.00000,1.00000,0.00000,1.00000,0.00000,0.00000,0.00000,0.00000,0.00000,0.00000,1.00000,1.00000,1.00000,1.00000,0.00000,1.00000,0.00000,0.00000,0.00000,0.00000,0.00000,0.00000,1.00000,1.00000,1.00000,1.00000,0.00000,1.00000,0.00000,0.00000,0.00000,0.00000,0.00000,0.00000,1.00000,1.00000,1.00000,1.00000,0.00000,1.00000,0.00000,0.00000,0.00000,0.00000,0.00000,0.00000,1.00000,1.00000,1.00000,1.00000,0.00000,1.00000,0.00000,0.00000,0.00000,0.00000,0.00000,0.00000,1.00000,1.00000,1.00000,1.00000,0.00000,1.00000,0.00000,0.00000,0.00000,0.00000,0.00000,0.00000,1.00000,1.00000,1.00000,1.00000,0.00000,1.00000,0.00000,0.00000,0.00000,0.00000,0.00000,0.00000,1.00000,1.00000,1.00000,1.00000,0.00000,1.00000,0.00000,0.00000,0.00000,0.00000,0.00000,0.00000,1.00000,1.00000,1.00000,1.00000,0.00000,1.00000,0.00000,0.00000,0.00000,0.00000,0.00000,0.00000,1.00000,1.00000,1.00000,1.00000,0.00000,1.00000,0.00000,0.00000,0.00000,0.00000,0.00000,0.00000,1.00000,1.00000,1.00000,1.00000,0.00000,1.00000,0.00000,0.00000,0.00000,0.00000,0.00000,0.00000,1.00000,1.00000,1.00000,1.00000,0.00000,1.00000,0.00000,0.00000,0.00000,0.00000,0.00000,0.00000,0.00000,0.00000,0.00000,0.00000,1.00000,1.00000,0.00000,0.00000,0.00000,0.00000,0.00000,0.00000,1.00000,1.00000,1.00000,1.00000,0.00000,1.00000,0.00000,0.00000,0.00000,0.00000,0.00000,0.00000,1.00000,1.00000,1.00000,1.00000,0.00000,1.00000,0.00000,0.00000,0.00000,0.00000,0.00000,0.00000,1.00000,1.00000,1.00000,1.00000,0.00000,1.00000,0.00000,0.00000,0.00000,0.00000,0.00000,0.00000,1.00000,1.00000,1.00000,1.00000,0.00000,1.00000,0.00000,0.00000,0.00000,0.00000,0.00000,0.00000,1.00000,1.00000,1.00000,1.00000,0.00000,1.00000,0.00000,0.00000,0.00000,0.00000,0.00000,0.00000,1.00000,1.00000,1.00000,1.00000,0.00000,1.00000,0.00000,0.00000,0.00000,0.00000,0.00000,0.00000,1.00000,1.00000,1.00000,1.00000,0.00000,1.00000,0.00000,0.00000,0.00000,0.00000,0.00000,0.00000,1.00000,1.00000,1.00000,1.00000,0.00000,1.00000,0.00000,0.00000,0.00000,0.00000,0.00000,0.00000,1.00000,1.00000,1.00000,1.00000,0.00000,1.00000,0.00000,0.00000,0.00000,0.00000,0.00000,0.00000,1.00000,1.00000,1.00000,1.00000,0.00000,1.00000,0.00000,0.00000,0.00000,0.00000,0.00000,0.00000,1.00000,1.00000,1.00000,1.00000,0.00000,1.00000,0.00000,0.00000,0.00000,0.00000,0.00000,0.00000,1.00000,1.00000,1.00000,1.00000,0.00000,1.00000,0.00000,0.00000,0.00000,0.00000,0.00000,0.00000,1.00000,1.00000,1.00000,1.00000,0.00000,1.00000,0.00000,0.00000,0.00000,0.00000,0.00000,0.00000,1.00000,1.00000,1.00000,1.00000,0.00000,1.00000,0.00000,0.00000,0.00000,0.00000,0.00000,0.00000,1.00000,1.00000,1.00000,1.00000,0.00000,1.00000,0.00000,0.00000,0.00000,0.00000,0.00000,0.00000,1.00000,1.00000,1.00000,1.00000,0.00000,1.00000,0.00000,0.00000,0.00000,0.00000,0.00000,0.00000,1.00000,1.00000,1.00000,1.00000,0.00000,1.00000,0.00000,0.00000,0.00000,0.00000,0.00000,0.00000,1.00000,1.00000,1.00000,1.00000,0.00000,1.00000,0.00000,0.00000,0.00000,0.00000,0.00000,0.00000,1.00000,1.00000,1.00000,1.00000,0.00000,1.00000,0.00000,0.00000,0.00000,0.00000,0.00000,0.00000,1.00000,1.00000,1.00000,1.00000,0.00000,1.00000,0.00000,0.00000,0.00000,0.00000,0.00000,0.00000,1.00000,1.00000,1.00000,1.00000,0.00000,1.00000,0.00000,0.00000,0.00000,0.00000,0.00000,0.00000,1.00000,1.00000,1.00000,1.00000,0.00000,1.00000,0.00000,0.00000,0.00000,0.00000,0.00000,0.00000,1.00000,1.00000,1.00000,1.00000,0.00000,1.00000,0.00000,0.00000,0.00000,0.00000,0.00000,0.00000,1.00000,1.00000,1.00000,1.00000,0.00000,1.00000,0.00000,0.00000,0.00000,0.00000,0.00000,0.00000,1.00000,1.00000,1.00000,1.00000,0.00000,1.00000,0.00000,0.00000,0.00000,0.00000,0.00000,0.00000,1.00000,1.00000,1.00000,1.00000,0.00000,1.00000,0.00000,0.00000,0.00000,0.00000,0.00000,0.00000,1.00000,1.00000,1.00000,1.00000,0.00000,1.00000,0.00000,0.00000,0.00000,0.00000,0.00000,0.00000,1.00000,1.00000,1.00000,1.00000,0.00000,1.00000,0.00000,0.00000,0.00000,0.00000,0.00000,0.00000,1.00000,1.00000,1.00000,1.00000,0.00000,1.00000,0.00000,0.00000,0.00000,0.00000,0.00000,0.00000,1.00000,1.00000,1.00000,1.00000,0.00000,1.00000,0.00000,0.00000,0.00000,0.00000,0.00000,0.00000,0.00000,0.00000,0.00000,0.00000,0.00000,1.00000,0.00000,0.00000,0.00000,0.00000,0.00000,0.00000,1.00000,1.00000,1.00000,1.00000,0.00000,1.00000,0.00000,0.00000,0.00000,0.00000,0.00000,0.00000,1.00000,1.00000,1.00000,1.00000,0.00000,1.00000,0.00000,0.00000,0.00000,0.00000,0.00000,0.00000,1.00000,1.00000,1.00000,1.00000,0.00000,1.00000,0.00000,0.00000,0.00000,0.00000,0.00000,0.00000,1.00000,1.00000,1.00000,1.00000,0.00000,1.00000,0.00000,0.00000,0.00000,0.00000,0.00000,0.00000,1.00000,1.00000,1.00000,1.00000,0.00000,1.00000,0.00000,0.00000,0.00000,0.00000,0.00000,0.00000,1.00000,1.00000,1.00000,1.00000,0.00000,1.00000,0.00000,0.00000,0.00000,0.00000,0.00000,0.00000,1.00000,1.00000,1.00000,1.00000,0.00000,1.00000,0.00000,0.00000,0.00000,0.00000,0.00000,0.00000,1.00000,1.00000,1.00000,1.00000,0.00000,1.00000,0.00000,0.00000,0.00000,0.00000,0.00000,0.00000,1.00000,1.00000,1.00000,1.00000,0.00000,1.00000,0.00000,0.00000,0.00000,0.00000,0.00000,0.00000,1.00000,1.00000,1.00000,1.00000,0.00000,1.00000,0.00000,0.00000,0.00000,0.00000,0.00000,0.00000,1.00000,1.00000,1.00000,1.00000,0.00000,1.00000,0.00000,0.00000,0.00000,0.00000,0.00000,0.00000,1.00000,1.00000,1.00000,1.00000,0.00000,1.00000,0.00000,0.00000,0.00000,0.00000,0.00000,0.00000,1.00000,1.00000,1.00000,1.00000,0.00000,1.00000,0.00000,0.00000,0.00000,0.00000,0.00000,0.00000,1.00000,1.00000,1.00000,1.00000,0.00000,1.00000,0.00000,0.00000,0.00000,0.00000,0.00000,0.00000,1.00000,1.00000,1.00000,1.00000,0.00000,1.00000,0.00000,0.00000,0.00000,0.00000,0.00000,0.00000,1.00000,1.00000,1.00000,1.00000,0.00000,1.00000,0.00000,0.00000,0.00000,0.00000,0.00000,0.00000,1.00000,1.00000,1.00000,1.00000,0.00000,1.00000,0.00000,0.00000,0.00000,0.00000,0.00000,0.00000,1.00000,1.00000,1.00000,1.00000,0.00000,1.00000,0.00000,0.00000,0.00000,0.00000,0.00000,0.00000,1.00000,1.00000,1.00000,1.00000,0.00000,1.00000,0.00000,0.00000,0.00000,0.00000,0.00000,0.00000,1.00000,1.00000,1.00000,1.00000,0.00000,1.00000,0.00000,0.00000,0.00000,0.00000,0.00000,0.00000,1.00000,1.00000,1.00000,1.00000,0.00000,1.00000,0.00000,0.00000,0.00000,0.00000,0.00000,0.00000,1.00000,1.00000,1.00000,1.00000,0.00000,1.00000,0.00000,0.00000,0.00000,0.00000,0.00000,0.00000,1.00000,1.00000,1.00000,1.00000,0.00000,1.00000,0.00000,0.00000,0.00000,0.00000,0.00000,0.00000,1.00000,1.00000,1.00000,1.00000,0.00000,1.00000,0.00000,0.00000,0.00000,0.00000,0.00000,0.00000,0.00000,0.00000,0.00000,0.00000,0.00000,1.00000,0.00000,0.00000,0.00000,0.00000,0.00000,0.00000,1.00000,1.00000,1.00000,1.00000,0.00000,1.00000,0.00000,0.00000,0.00000,0.00000,0.00000,0.00000,1.00000,1.00000,1.00000,1.00000,0.00000,1.00000,0.00000,0.00000,0.00000,0.00000,0.00000,0.00000,1.00000,1.00000,1.00000,1.00000,0.00000,1.00000,0.00000,0.00000,0.00000,0.00000,0.00000,0.00000,1.00000,1.00000,1.00000,1.00000,0.00000,1.00000,0.00000,0.00000,0.00000,0.00000,0.00000,0.00000,1.00000,1.00000,1.00000,1.00000,0.00000,1.00000,0.00000,0.00000,0.00000,0.00000,0.00000,0.00000,1.00000,1.00000,1.00000,1.00000,0.00000,1.00000,0.00000,0.00000,0.00000,0.00000,0.00000,0.00000,1.00000,1.00000,1.00000,1.00000,0.00000,1.00000,0.00000,0.00000,0.00000,0.00000,0.00000,0.00000,1.00000,1.00000,1.00000,1.00000,0.00000,1.00000,0.00000,0.00000,0.00000,0.00000,0.00000,0.00000,1.00000,1.00000,1.00000,1.00000,0.00000,1.00000,0.00000,0.00000,0.00000,0.00000,0.00000,0.00000,1.00000,1.00000,1.00000,1.00000,0.00000,1.00000,0.00000,0.00000,0.00000,0.00000,0.00000,0.00000,1.00000,1.00000,1.00000,1.00000,0.00000,1.00000,0.00000,0.00000,0.00000,0.00000,0.00000,0.00000,1.00000,1.00000,1.00000,1.00000,0.00000,1.00000,0.00000,0.00000,0.00000,0.00000,0.00000,0.00000,0.00000,0.00000,0.00000,0.00000,0.00000,1.00000,0.00000,0.00000,0.00000,0.00000,0.00000,0.00000,1.00000,1.00000,1.00000,1.00000,0.00000,1.00000,0.00000,0.00000,0.00000,0.00000,0.00000,0.00000,1.00000,1.00000,1.00000,1.00000,0.00000,1.00000,0.00000,0.00000,0.00000,0.00000,0.00000,0.00000,1.00000,1.00000,1.00000,1.00000,0.00000,1.00000,0.00000,0.00000,0.00000,0.00000,0.00000,0.00000,1.00000,1.00000,1.00000,1.00000,0.00000,1.00000,0.00000,0.00000,0.00000,0.00000,0.00000,0.00000,0.00000,0.00000,0.00000,0.00000,0.00000,1.00000,0.00000,0.00000,0.00000,0.00000,0.00000,0.00000,1.00000,1.00000,1.00000,1.00000,0.00000,1.00000,0.00000,0.00000,0.00000,0.00000,0.00000,0.00000,1.00000,1.00000,1.00000,1.00000,0.00000,1.00000,0.00000,0.00000,0.00000,0.00000,0.00000,0.00000,0.00000,0.00000,0.00000,0.00000,0.00000,1.00000,0.00000,0.00000,0.00000,0.00000,0.00000,0.00000,1.00000,1.00000,1.00000,1.00000,0.00000,1.00000,0.00000,0.00000,0.00000,0.00000,0.00000,0.00000,1.00000,1.00000,1.00000,1.00000,0.00000,1.00000,0.00000,0.00000,0.00000,0.00000,0.00000,0.00000,0.00000,0.00000,0.00000,0.00000,0.00000,1.00000,0.00000,0.00000,0.00000,0.00000,0.00000,0.00000,1.00000,1.00000,1.00000,1.00000,0.00000,1.00000,0.00000,0.00000,0.00000,0.00000,0.00000,0.00000,1.00000,1.00000,1.00000,1.00000,0.00000,1.00000,0.00000,0.00000,0.00000,0.00000,0.00000,0.00000,1.00000,1.00000,1.00000,1.00000,0.00000,1.00000,0.00000,0.00000,0.00000,0.00000,0.00000,0.00000,1.00000,1.00000,1.00000,1.00000,0.00000,1.00000,0.00000,0.00000,0.00000,0.00000,0.00000,0.00000,0.00000,0.00000,0.00000,0.00000,0.00000,1.00000,0.00000,0.00000,0.00000,0.00000,0.00000,0.00000,1.00000,1.00000,1.00000,1.00000,0.00000,1.00000,0.00000,0.00000,0.00000,0.00000,0.00000,0.00000,1.00000,1.00000,1.00000,1.00000,0.00000,1.00000,0.00000,0.00000,0.00000,0.00000,0.00000,0.00000,1.00000,1.00000,1.00000,1.00000,0.00000,1.00000,0.00000,0.00000,0.00000,0.00000,0.00000,0.00000,1.00000,1.00000,1.00000,1.00000,0.00000,1.00000,0.00000,0.00000,0.00000,0.00000,0.00000,0.00000,1.00000,1.00000,1.00000,1.00000,0.00000,1.00000,0.00000,0.00000,0.00000,0.00000,0.00000,0.00000,1.00000,1.00000,1.00000,1.00000,0.00000,1.00000,0.00000,0.00000,0.00000,0.00000,0.00000,0.00000,1.00000,1.00000,1.00000,1.00000,0.00000,1.00000,0.00000,0.00000,0.00000,0.00000,0.00000,0.00000,1.00000,1.00000,1.00000,1.00000,0.00000,1.00000,0.00000,0.00000,0.00000,0.00000,0.00000,0.00000,0.00000,0.00000,0.00000,0.00000,0.00000,1.00000,0.00000,0.00000,0.00000,0.00000,0.00000,0.00000,1.00000,1.00000,1.00000,1.00000,0.00000,1.00000,0.00000,0.00000,0.00000,0.00000,0.00000,0.00000,1.00000,1.00000,1.00000,1.00000,0.00000,1.00000,0.00000,0.00000,0.00000,0.00000,0.00000,0.00000,1.00000,1.00000,1.00000,1.00000,0.00000,1.00000,0.00000,0.00000,0.00000,0.00000,0.00000,0.00000,1.00000,1.00000,1.00000,1.00000,0.00000,1.00000,0.00000,0.00000,0.00000,0.00000,0.00000,0.00000,1.00000,1.00000,1.00000,1.00000,0.00000,1.00000,0.00000,0.00000,0.00000,0.00000,0.00000,0.00000,1.00000,1.00000,1.00000,1.00000,0.00000,1.00000,0.00000,0.00000,0.00000,0.00000,0.00000,0.00000,1.00000,1.00000,1.00000,1.00000,0.00000,1.00000,0.00000,0.00000,0.00000,0.00000,0.00000,0.00000,1.00000,1.00000,1.00000,1.00000,0.00000,1.00000,0.00000,0.00000,0.00000,0.00000,0.00000,0.00000,1.00000,1.00000,1.00000,1.00000,0.00000,1.00000,0.00000,0.00000,0.00000,0.00000,0.00000,0.00000,1.00000,1.00000,1.00000,1.00000,0.00000,1.00000,0.00000,0.00000,0.00000,0.00000,0.00000,0.00000,1.00000,1.00000,1.00000,1.00000,0.00000,1.00000,0.00000,0.00000,0.00000,0.00000,0.00000,0.00000,1.00000,1.00000,1.00000,1.00000,0.00000,1.00000,0.00000,0.00000,0.00000,0.00000,0.00000,0.00000,1.00000,1.00000,1.00000,1.00000,0.00000,1.00000,0.00000,0.00000,0.00000,0.00000,0.00000,0.00000,1.00000,1.00000,1.00000,1.00000,0.00000,1.00000,0.00000,0.00000,0.00000,0.00000,0.00000,0.00000,0.00000,0.00000,0.00000,0.00000,0.00000,1.00000,0.00000,0.00000,0.00000,0.00000,0.00000,0.00000,1.00000,1.00000,1.00000,1.00000,0.00000,1.00000,0.00000,0.00000,0.00000,0.00000,0.00000,0.00000,1.00000,1.00000,1.00000,1.00000,0.00000,1.00000,0.00000,0.00000,0.00000,0.00000,0.00000,0.00000,1.00000,1.00000,1.00000,1.00000,0.00000,1.00000,0.00000,0.00000,0.00000,0.00000,0.00000,0.00000,1.00000,1.00000,1.00000,1.00000,0.00000,1.00000,0.00000,0.00000,0.00000,0.00000,0.00000,0.00000,1.00000,1.00000,1.00000,1.00000,0.00000,1.00000,0.00000,0.00000,0.00000,0.00000,0.00000,0.00000,1.00000,1.00000,1.00000,1.00000,0.00000,1.00000,0.00000,0.00000,0.00000,0.00000,0.00000,0.00000,1.00000,1.00000,1.00000,1.00000,0.00000,1.00000,0.00000,0.00000,0.00000,0.00000,0.00000,0.00000,1.00000,1.00000,1.00000,1.00000,0.00000,1.00000,0.00000,0.00000,0.00000,0.00000,0.00000,0.00000,1.00000,1.00000,1.00000,1.00000,0.00000,1.00000,0.00000,0.00000,0.00000,0.00000,0.00000,0.00000,1.00000,1.00000,1.00000,1.00000,0.00000,1.00000,0.00000,0.00000,0.00000,0.00000,0.00000,0.00000,1.00000,1.00000,1.00000,1.00000,0.00000,1.00000,0.00000,0.00000,0.00000,0.00000,0.00000,0.00000,1.00000,1.00000,1.00000,1.00000,0.00000,1.00000,0.00000,0.00000,0.00000,0.00000,0.00000,0.00000,1.00000,1.00000,1.00000,1.00000,0.00000,1.00000,0.00000,0.00000,0.00000,0.00000,0.00000,0.00000,1.00000,1.00000,1.00000,1.00000,0.00000,1.00000,0.00000,0.00000,0.00000,0.00000,0.00000,0.00000,1.00000,1.00000,1.00000,1.00000,0.00000,1.00000,0.00000,0.00000,0.00000,0.00000,0.00000,0.00000,1.00000,1.00000,1.00000,1.00000,0.00000,1.00000,0.00000,0.00000,0.00000,0.00000,0.00000,0.00000,1.00000,1.00000,1.00000,1.00000,0.00000,1.00000,0.00000,0.00000,0.00000,0.00000,0.00000,0.00000,1.00000,1.00000,1.00000,1.00000,0.00000,1.00000,0.00000,0.00000,0.00000,0.00000,0.00000,0.00000,0.00000,0.00000,0.00000,0.00000,0.00000,1.00000,0.00000,0.00000,0.00000,0.00000,0.00000,0.00000,1.00000,1.00000,1.00000,1.00000,0.00000,1.00000,0.00000,0.00000,0.00000,0.00000,0.00000,0.00000,1.00000,1.00000,1.00000,1.00000,0.00000,1.00000,0.00000,0.00000,0.00000,0.00000,0.00000,0.00000,1.00000,1.00000,1.00000,1.00000,0.00000,1.00000,0.00000,0.00000,0.00000,0.00000,0.00000,0.00000,1.00000,1.00000,1.00000,1.00000,0.00000,1.00000,0.00000,0.00000,0.00000,0.00000,0.00000,0.00000,1.00000,1.00000,1.00000,1.00000,0.00000,1.00000,0.00000,0.00000,0.00000,0.00000,0.00000,0.00000,1.00000,1.00000,1.00000,1.00000,0.00000,1.00000,0.00000,0.00000,0.00000,0.00000,0.00000,0.00000,1.00000,1.00000,1.00000,1.00000,0.00000,1.00000,0.00000,0.00000,0.00000,0.00000,0.00000,0.00000,1.00000,1.00000,1.00000,1.00000,0.00000,1.00000,0.00000,0.00000,0.00000,0.00000,0.00000,0.00000,1.00000,1.00000,1.00000,1.00000,0.00000,1.00000,0.00000,0.00000,0.00000,0.00000,0.00000,0.00000,1.00000,1.00000,1.00000,1.00000,0.00000,1.00000,0.00000,0.00000,0.00000,0.00000,0.00000,0.00000,1.00000,1.00000,1.00000,1.00000,0.00000,1.00000,0.00000,0.00000,0.00000,0.00000,0.00000,0.00000,1.00000,1.00000,1.00000,1.00000,0.00000,1.00000,0.00000,0.00000,0.00000,0.00000,0.00000,0.00000,1.00000,1.00000,1.00000,1.00000,0.00000,1.00000,0.00000,0.00000,0.00000,0.00000,0.00000,0.00000,1.00000,1.00000,1.00000,1.00000,0.00000,1.00000,1.00000,1.00000,1.00000,1.00000,0.00000,1.00000,1.00000,1.00000,1.00000,1.00000,0.00000,1.00000,1.00000,1.00000,1.00000,1.00000,0.00000,1.00000,1.00000,1.00000,1.00000,1.00000,0.00000,1.00000,1.00000,1.00000,1.00000,1.00000,0.00000,1.00000,1.00000,1.00000,1.00000,1.00000,0.00000,1.00000,1.00000,1.00000,1.00000,1.00000,0.00000,1.00000,1.00000,1.00000,1.00000,1.00000,0.00000,1.00000,1.00000,1.00000,1.00000,1.00000,0.00000,1.00000,1.00000,1.00000,1.00000,1.00000,0.00000,1.00000,0.00000,0.00000,0.00000,0.00000,0.00000,0.00000,
0.00000,2.00000,1.00000,1.00000,1.00000,1.00000,1.00000,1.00000,1.00000,1.00000,1.00000,1.00000,1.00000,1.00000,1.00000,2.00000,1.00000,2.00000,1.00000,2.00000,1.00000,2.00000,1.00000,2.00000,1.00000,2.00000,1.00000,2.00000,1.00000,2.00000,1.00000,2.00000,1.00000,2.00000,1.00000,2.00000,1.00000,1.00000,1.00000,1.00000,1.00000,2.00000,1.00000,1.00000,1.00000,2.00000,1.00000,1.00000,1.00000,2.00000,1.00000,1.00000,1.00000,2.00000,1.00000,1.00000,1.00000,2.00000,1.00000,1.00000,1.00000,2.00000,1.00000,1.00000,1.00000,2.00000,1.00000,1.00000,1.00000,2.00000,1.00000,1.00000,1.00000,2.00000,1.00000,1.00000,1.00000,2.00000,1.00000,1.00000,1.00000,1.00000,1.00000,2.00000,1.00000,1.00000,1.00000,2.00000,1.00000,1.00000,1.00000,2.00000,1.00000,1.00000,1.00000,2.00000,1.00000,1.00000,1.00000,2.00000,1.00000,1.00000,1.00000,2.00000,1.00000,1.00000,1.00000,2.00000,1.00000,1.00000,1.00000,2.00000,1.00000,1.00000,1.00000,2.00000,1.00000,1.00000,1.00000,2.00000,1.00000,1.00000,1.00000,2.00000,1.00000,1.00000,1.00000,2.00000,1.00000,1.00000,1.00000,2.00000,1.00000,1.00000,1.00000,2.00000,1.00000,1.00000,1.00000,2.00000,1.00000,1.00000,1.00000,1.00000,1.00000,1.00000,1.00000,1.00000,1.00000,1.00000,1.00000,1.00000,1.00000,1.00000,1.00000,1.00000,1.00000,1.00000,1.00000,1.00000,1.00000,1.00000,1.00000,1.00000,2.00000,1.00000,1.00000,1.00000,2.00000,1.00000,1.00000,1.00000,2.00000,1.00000,1.00000,1.00000,2.00000,1.00000,1.00000,1.00000,2.00000,1.00000,1.00000,1.00000,2.00000,1.00000,1.00000,1.00000,2.00000,1.00000,1.00000,1.00000,2.00000,1.00000,1.00000,1.00000,2.00000,1.00000,1.00000,1.00000,2.00000,1.00000,1.00000,1.00000,2.00000,1.00000,1.00000,1.00000,2.00000,1.00000,1.00000,1.00000,1.00000,1.00000,2.00000,1.00000,1.00000,1.00000,2.00000,1.00000,1.00000,1.00000,2.00000,1.00000,1.00000,1.00000,2.00000,1.00000,1.00000,1.00000,2.00000,1.00000,1.00000,1.00000,2.00000,1.00000,1.00000,1.00000,1.00000,1.00000,2.00000,1.00000,1.00000,1.00000,2.00000,1.00000,1.00000,1.00000,1.00000,1.00000,2.00000,1.00000,1.00000,1.00000,1.00000,1.00000,2.00000,1.00000,1.00000,1.00000,1.00000,1.00000,2.00000,1.00000,1.00000,1.00000,2.00000,1.00000,1.00000,1.00000,1.00000,1.00000,2.00000,1.00000,1.00000,1.00000,2.00000,1.00000,1.00000,1.00000,2.00000,1.00000,1.00000,1.00000,2.00000,1.00000,1.00000,1.00000,1.00000,1.00000,2.00000,1.00000,1.00000,1.00000,2.00000,1.00000,1.00000,1.00000,2.00000,1.00000,1.00000,1.00000,2.00000,1.00000,1.00000,1.00000,2.00000,1.00000,1.00000,1.00000,2.00000,1.00000,1.00000,1.00000,2.00000,1.00000,1.00000,1.00000,1.00000,1.00000,2.00000,1.00000,1.00000,1.00000,2.00000,1.00000,1.00000,1.00000,2.00000,1.00000,1.00000,1.00000,2.00000,1.00000,1.00000,1.00000,2.00000,1.00000,1.00000,1.00000,2.00000,1.00000,1.00000,1.00000,2.00000,1.00000,1.00000,1.00000,2.00000,1.00000,1.00000,1.00000,2.00000,1.00000,1.00000,1.00000,1.00000,1.00000,2.00000,1.00000,1.00000,1.00000,2.00000,1.00000,1.00000,1.00000,2.00000,1.00000,1.00000,1.00000,2.00000,1.00000,1.00000,1.00000,2.00000,1.00000,1.00000,1.00000,2.00000,1.00000,1.00000,1.00000,2.00000,1.00000,
23.00000,
6.00000,
99.00000,
186.00000,
1.00000,3.00000,5.00000,7.00000,9.00000,11.00000,13.00000,15.00000,16.00000,18.00000,20.00000,22.00000,24.00000,26.00000,28.00000,30.00000,32.00000,34.00000,35.00000,37.00000,39.00000,41.00000,43.00000,45.00000,47.00000,49.00000,50.00000,52.00000,54.00000,56.00000,58.00000,59.00000,61.00000,63.00000,64.00000,66.00000,67.00000,69.00000,70.00000,72.00000,74.00000,75.00000,77.00000,79.00000,81.00000,83.00000,85.00000,87.00000,88.00000,90.00000,92.00000,94.00000,96.00000,98.00000,100.00000,102.00000,104.00000,106.00000,108.00000,110.00000,112.00000,113.00000,115.00000,117.00000,119.00000,121.00000,123.00000,125.00000,127.00000,129.00000,131.00000,133.00000,135.00000,137.00000,139.00000,141.00000,143.00000,144.00000,146.00000,148.00000,150.00000,152.00000,154.00000,156.00000,158.00000,160.00000,162.00000,164.00000,165.00000,167.00000,169.00000,171.00000,173.00000,175.00000,177.00000,179.00000,181.00000,183.00000,185.00000,
2.00000,4.00000,6.00000,8.00000,10.00000,12.00000,14.00000,15.00000,17.00000,19.00000,21.00000,23.00000,25.00000,27.00000,29.00000,31.00000,33.00000,34.00000,36.00000,38.00000,40.00000,42.00000,44.00000,46.00000,48.00000,49.00000,51.00000,53.00000,55.00000,57.00000,58.00000,60.00000,62.00000,63.00000,65.00000,66.00000,68.00000,69.00000,71.00000,73.00000,74.00000,76.00000,78.00000,80.00000,82.00000,84.00000,86.00000,87.00000,89.00000,91.00000,93.00000,95.00000,97.00000,99.00000,101.00000,103.00000,105.00000,107.00000,109.00000,111.00000,112.00000,114.00000,116.00000,118.00000,120.00000,122.00000,124.00000,126.00000,128.00000,130.00000,132.00000,134.00000,136.00000,138.00000,140.00000,142.00000,143.00000,145.00000,147.00000,149.00000,151.00000,153.00000,155.00000,157.00000,159.00000,161.00000,163.00000,164.00000,166.00000,168.00000,170.00000,172.00000,174.00000,176.00000,178.00000,180.00000,182.00000,184.00000,186.00000,
3.00000,5.00000,7.00000,9.00000,11.00000,13.00000,15.00000,17.00000,19.00000,21.00000,23.00000,25.00000,27.00000,29.00000,31.00000,33.00000,35.00000,37.00000,39.00000,41.00000,43.00000,45.00000,47.00000,49.00000,51.00000,53.00000,55.00000,57.00000,59.00000,61.00000,63.00000,65.00000,67.00000,69.00000,71.00000,73.00000,75.00000,77.00000,79.00000,81.00000,83.00000,85.00000,87.00000,89.00000,91.00000,93.00000,95.00000,97.00000,99.00000,101.00000,103.00000,105.00000,107.00000,109.00000,111.00000,113.00000,115.00000,117.00000,119.00000,121.00000,123.00000,125.00000,127.00000,129.00000,131.00000,133.00000,135.00000,137.00000,139.00000,141.00000,143.00000,145.00000,147.00000,149.00000,151.00000,153.00000,155.00000,157.00000,159.00000,161.00000,163.00000,165.00000,167.00000,169.00000,171.00000,173.00000,175.00000,177.00000,179.00000,181.00000,183.00000,185.00000,187.00000,189.00000,191.00000,193.00000,195.00000,197.00000,199.00000,201.00000,203.00000,205.00000,207.00000,209.00000,211.00000,213.00000,215.00000,217.00000,219.00000,221.00000,223.00000,225.00000,246.00000,248.00000,250.00000,252.00000,254.00000,256.00000,258.00000,260.00000,262.00000,264.00000,266.00000,268.00000,270.00000,272.00000,274.00000,276.00000,278.00000,280.00000,282.00000,284.00000,286.00000,288.00000,290.00000,292.00000,294.00000,296.00000,298.00000,300.00000,302.00000,304.00000,306.00000,308.00000,310.00000,312.00000,314.00000,316.00000,318.00000,320.00000,322.00000,324.00000,326.00000,328.00000,330.00000,332.00000,334.00000,336.00000,338.00000,340.00000,342.00000,344.00000,346.00000,348.00000,350.00000,371.00000,352.00000,372.00000,354.00000,373.00000,356.00000,374.00000,358.00000,375.00000,360.00000,376.00000,362.00000,377.00000,364.00000,378.00000,366.00000,379.00000,368.00000,380.00000,370.00000,381.00000,
2.00000,4.00000,6.00000,8.00000,10.00000,12.00000,14.00000,16.00000,18.00000,20.00000,22.00000,24.00000,26.00000,28.00000,30.00000,32.00000,34.00000,36.00000,38.00000,40.00000,42.00000,44.00000,46.00000,48.00000,50.00000,52.00000,54.00000,56.00000,58.00000,60.00000,62.00000,64.00000,66.00000,68.00000,70.00000,72.00000,74.00000,76.00000,78.00000,80.00000,82.00000,84.00000,86.00000,88.00000,90.00000,92.00000,94.00000,96.00000,98.00000,100.00000,102.00000,104.00000,106.00000,108.00000,110.00000,112.00000,114.00000,116.00000,118.00000,120.00000,122.00000,124.00000,126.00000,128.00000,130.00000,132.00000,134.00000,136.00000,138.00000,140.00000,142.00000,144.00000,146.00000,148.00000,150.00000,152.00000,154.00000,156.00000,158.00000,160.00000,162.00000,164.00000,166.00000,168.00000,170.00000,172.00000,174.00000,176.00000,178.00000,180.00000,182.00000,184.00000,186.00000,188.00000,190.00000,192.00000,194.00000,196.00000,198.00000,200.00000,202.00000,204.00000,206.00000,208.00000,210.00000,212.00000,214.00000,216.00000,218.00000,220.00000,222.00000,224.00000,226.00000,247.00000,249.00000,251.00000,253.00000,255.00000,257.00000,259.00000,261.00000,263.00000,265.00000,267.00000,269.00000,271.00000,273.00000,275.00000,277.00000,279.00000,281.00000,283.00000,285.00000,287.00000,289.00000,291.00000,293.00000,295.00000,297.00000,299.00000,301.00000,303.00000,305.00000,307.00000,309.00000,311.00000,313.00000,315.00000,317.00000,319.00000,321.00000,323.00000,325.00000,327.00000,329.00000,331.00000,333.00000,335.00000,337.00000,339.00000,341.00000,343.00000,345.00000,347.00000,349.00000,351.00000,353.00000,355.00000,357.00000,359.00000,361.00000,363.00000,365.00000,367.00000,369.00000,371.00000,372.00000,373.00000,374.00000,375.00000,376.00000,377.00000,378.00000,379.00000,380.00000,381.00000,382.00000,
2.00000,4.00000,6.00000,8.00000,10.00000,12.00000,14.00000,16.00000,18.00000,20.00000,22.00000,24.00000,26.00000,28.00000,30.00000,32.00000,34.00000,36.00000,38.00000,40.00000,42.00000,44.00000,46.00000,48.00000,50.00000,52.00000,54.00000,56.00000,58.00000,60.00000,62.00000,64.00000,66.00000,68.00000,70.00000,72.00000,74.00000,76.00000,78.00000,80.00000,82.00000,84.00000,86.00000,88.00000,90.00000,92.00000,94.00000,96.00000,98.00000,100.00000,102.00000,104.00000,106.00000,108.00000,110.00000,112.00000,114.00000,116.00000,118.00000,120.00000,122.00000,124.00000,126.00000,128.00000,130.00000,132.00000,134.00000,136.00000,138.00000,140.00000,142.00000,144.00000,146.00000,148.00000,150.00000,152.00000,154.00000,156.00000,158.00000,160.00000,162.00000,164.00000,166.00000,168.00000,170.00000,172.00000,174.00000,176.00000,178.00000,180.00000,182.00000,184.00000,186.00000,188.00000,190.00000,192.00000,194.00000,196.00000,198.00000,200.00000,202.00000,204.00000,206.00000,208.00000,210.00000,212.00000,214.00000,216.00000,218.00000,220.00000,222.00000,224.00000,245.00000,247.00000,249.00000,251.00000,253.00000,255.00000,257.00000,259.00000,261.00000,263.00000,265.00000,267.00000,269.00000,271.00000,273.00000,275.00000,277.00000,279.00000,281.00000,283.00000,285.00000,287.00000,289.00000,291.00000,293.00000,295.00000,297.00000,299.00000,301.00000,303.00000,305.00000,307.00000,309.00000,311.00000,313.00000,315.00000,317.00000,319.00000,321.00000,323.00000,325.00000,327.00000,329.00000,331.00000,333.00000,335.00000,337.00000,339.00000,341.00000,343.00000,345.00000,347.00000,349.00000,351.00000,353.00000,355.00000,357.00000,359.00000,361.00000,363.00000,365.00000,367.00000,369.00000,370.00000,371.00000,372.00000,373.00000,374.00000,375.00000,376.00000,377.00000,378.00000,379.00000,380.00000,384.00000,
19.00000,21.00000,33.00000,37.00000,41.00000,57.00000,61.00000,67.00000,71.00000,75.00000,77.00000,79.00000,81.00000,83.00000,87.00000,89.00000,95.00000,97.00000,99.00000,101.00000,103.00000,105.00000,109.00000,111.00000,113.00000,115.00000,117.00000,119.00000,121.00000,123.00000,125.00000,127.00000,129.00000,131.00000,135.00000,137.00000,145.00000,147.00000,165.00000,171.00000,173.00000,181.00000,193.00000,213.00000,215.00000,219.00000,221.00000,223.00000,246.00000,256.00000,258.00000,272.00000,274.00000,278.00000,280.00000,282.00000,292.00000,294.00000,300.00000,302.00000,304.00000,306.00000,308.00000,310.00000,312.00000,316.00000,318.00000,320.00000,324.00000,326.00000,328.00000,332.00000,336.00000,340.00000,342.00000,344.00000,346.00000,348.00000,350.00000,352.00000,354.00000,358.00000,360.00000,362.00000,364.00000,366.00000,368.00000,370.00000,371.00000,372.00000,373.00000,374.00000,375.00000,376.00000,377.00000,378.00000,379.00000,380.00000,381.00000,
2.00000,19.00000,41.00000,103.00000,145.00000,385.00000,19.00000,20.00000,42.00000,104.00000,146.00000,385.00000,4.00000,19.00000,41.00000,103.00000,145.00000,385.00000,19.00000,20.00000,42.00000,104.00000,146.00000,385.00000,6.00000,21.00000,57.00000,109.00000,145.00000,385.00000,21.00000,22.00000,58.00000,110.00000,146.00000,385.00000,8.00000,21.00000,57.00000,109.00000,145.00000,385.00000,21.00000,22.00000,58.00000,110.00000,146.00000,385.00000,10.00000,33.00000,71.00000,117.00000,171.00000,385.00000,33.00000,34.00000,72.00000,118.00000,172.00000,385.00000,12.00000,33.00000,71.00000,117.00000,171.00000,385.00000,33.00000,34.00000,72.00000,118.00000,172.00000,385.00000,14.00000,37.00000,75.00000,117.00000,171.00000,385.00000,37.00000,38.00000,76.00000,118.00000,172.00000,385.00000,16.00000,37.00000,75.00000,117.00000,171.00000,385.00000,37.00000,38.00000,76.00000,118.00000,172.00000,385.00000,18.00000,41.00000,77.00000,119.00000,171.00000,385.00000,41.00000,42.00000,78.00000,120.00000,172.00000,385.00000,20.00000,41.00000,77.00000,119.00000,171.00000,385.00000,41.00000,42.00000,78.00000,120.00000,172.00000,385.00000,22.00000,57.00000,87.00000,121.00000,171.00000,385.00000,57.00000,58.00000,88.00000,122.00000,172.00000,385.00000,24.00000,57.00000,87.00000,121.00000,171.00000,385.00000,57.00000,58.00000,88.00000,122.00000,172.00000,385.00000,26.00000,61.00000,89.00000,123.00000,171.00000,385.00000,61.00000,62.00000,90.00000,124.00000,172.00000,385.00000,28.00000,61.00000,89.00000,123.00000,171.00000,385.00000,61.00000,62.00000,90.00000,124.00000,172.00000,385.00000,30.00000,67.00000,97.00000,125.00000,173.00000,378.00000,67.00000,68.00000,98.00000,126.00000,174.00000,379.00000,32.00000,71.00000,99.00000,127.00000,221.00000,385.00000,71.00000,72.00000,100.00000,128.00000,222.00000,385.00000,34.00000,71.00000,99.00000,127.00000,221.00000,385.00000,71.00000,72.00000,100.00000,128.00000,222.00000,385.00000,36.00000,75.00000,101.00000,127.00000,221.00000,385.00000,75.00000,76.00000,102.00000,128.00000,222.00000,385.00000,38.00000,75.00000,101.00000,127.00000,221.00000,385.00000,75.00000,76.00000,102.00000,128.00000,222.00000,385.00000,40.00000,77.00000,103.00000,127.00000,221.00000,385.00000,77.00000,78.00000,104.00000,128.00000,222.00000,385.00000,42.00000,77.00000,103.00000,127.00000,221.00000,385.00000,77.00000,78.00000,104.00000,128.00000,222.00000,385.00000,44.00000,79.00000,103.00000,127.00000,221.00000,385.00000,79.00000,80.00000,104.00000,128.00000,222.00000,385.00000,46.00000,79.00000,103.00000,127.00000,221.00000,385.00000,79.00000,80.00000,104.00000,128.00000,222.00000,385.00000,48.00000,81.00000,105.00000,127.00000,221.00000,385.00000,81.00000,82.00000,106.00000,128.00000,222.00000,385.00000,50.00000,81.00000,105.00000,127.00000,221.00000,385.00000,81.00000,82.00000,106.00000,128.00000,222.00000,385.00000,52.00000,83.00000,105.00000,127.00000,221.00000,385.00000,83.00000,84.00000,106.00000,128.00000,222.00000,385.00000,54.00000,83.00000,105.00000,127.00000,221.00000,385.00000,83.00000,84.00000,106.00000,128.00000,222.00000,385.00000,56.00000,87.00000,109.00000,129.00000,221.00000,385.00000,87.00000,88.00000,110.00000,130.00000,222.00000,385.00000,58.00000,87.00000,109.00000,129.00000,221.00000,385.00000,87.00000,88.00000,110.00000,130.00000,222.00000,385.00000,60.00000,89.00000,111.00000,129.00000,221.00000,385.00000,89.00000,90.00000,112.00000,130.00000,222.00000,385.00000,62.00000,89.00000,111.00000,129.00000,221.00000,385.00000,89.00000,90.00000,112.00000,130.00000,222.00000,385.00000,64.00000,95.00000,113.00000,129.00000,221.00000,385.00000,95.00000,96.00000,114.00000,130.00000,222.00000,385.00000,66.00000,95.00000,113.00000,129.00000,221.00000,385.00000,95.00000,96.00000,114.00000,130.00000,222.00000,385.00000,68.00000,97.00000,115.00000,131.00000,223.00000,380.00000,97.00000,98.00000,116.00000,132.00000,224.00000,381.00000,70.00000,99.00000,117.00000,135.00000,302.00000,385.00000,99.00000,100.00000,118.00000,136.00000,303.00000,385.00000,72.00000,99.00000,117.00000,135.00000,302.00000,385.00000,99.00000,100.00000,118.00000,136.00000,303.00000,385.00000,74.00000,101.00000,117.00000,135.00000,302.00000,385.00000,101.00000,102.00000,118.00000,136.00000,303.00000,385.00000,76.00000,101.00000,117.00000,135.00000,302.00000,385.00000,101.00000,102.00000,118.00000,136.00000,303.00000,385.00000,78.00000,103.00000,119.00000,135.00000,302.00000,385.00000,103.00000,104.00000,120.00000,136.00000,303.00000,385.00000,80.00000,103.00000,119.00000,135.00000,302.00000,385.00000,103.00000,104.00000,120.00000,136.00000,303.00000,385.00000,82.00000,105.00000,119.00000,135.00000,302.00000,385.00000,105.00000,106.00000,120.00000,136.00000,303.00000,385.00000,84.00000,105.00000,119.00000,135.00000,302.00000,385.00000,105.00000,106.00000,120.00000,136.00000,303.00000,385.00000,86.00000,109.00000,121.00000,135.00000,302.00000,385.00000,109.00000,110.00000,122.00000,136.00000,303.00000,385.00000,88.00000,109.00000,121.00000,135.00000,302.00000,385.00000,109.00000,110.00000,122.00000,136.00000,303.00000,385.00000,90.00000,111.00000,123.00000,135.00000,302.00000,385.00000,111.00000,112.00000,124.00000,136.00000,303.00000,385.00000,92.00000,111.00000,123.00000,135.00000,302.00000,385.00000,111.00000,112.00000,124.00000,136.00000,303.00000,385.00000,94.00000,113.00000,123.00000,135.00000,302.00000,385.00000,113.00000,114.00000,124.00000,136.00000,303.00000,385.00000,96.00000,113.00000,123.00000,135.00000,302.00000,385.00000,113.00000,114.00000,124.00000,136.00000,303.00000,385.00000,98.00000,115.00000,125.00000,137.00000,304.00000,382.00000,115.00000,116.00000,126.00000,138.00000,305.00000,383.00000,100.00000,117.00000,127.00000,145.00000,344.00000,385.00000,117.00000,118.00000,128.00000,146.00000,345.00000,385.00000,102.00000,117.00000,127.00000,145.00000,344.00000,385.00000,117.00000,118.00000,128.00000,146.00000,345.00000,385.00000,104.00000,119.00000,127.00000,145.00000,344.00000,385.00000,119.00000,120.00000,128.00000,146.00000,345.00000,385.00000,106.00000,119.00000,127.00000,145.00000,344.00000,385.00000,119.00000,120.00000,128.00000,146.00000,345.00000,385.00000,108.00000,121.00000,129.00000,145.00000,344.00000,385.00000,121.00000,122.00000,130.00000,146.00000,345.00000,385.00000,110.00000,121.00000,129.00000,145.00000,344.00000,385.00000,121.00000,122.00000,130.00000,146.00000,345.00000,385.00000,112.00000,123.00000,129.00000,145.00000,344.00000,385.00000,123.00000,124.00000,130.00000,146.00000,345.00000,385.00000,114.00000,123.00000,129.00000,145.00000,344.00000,385.00000,123.00000,124.00000,130.00000,146.00000,345.00000,385.00000,116.00000,125.00000,131.00000,147.00000,346.00000,384.00000,125.00000,126.00000,132.00000,148.00000,347.00000,385.00000,118.00000,127.00000,135.00000,171.00000,368.00000,385.00000,127.00000,128.00000,136.00000,172.00000,369.00000,385.00000,120.00000,127.00000,135.00000,171.00000,368.00000,385.00000,127.00000,128.00000,136.00000,172.00000,369.00000,385.00000,122.00000,129.00000,135.00000,171.00000,368.00000,385.00000,129.00000,130.00000,136.00000,172.00000,369.00000,385.00000,124.00000,129.00000,135.00000,171.00000,368.00000,385.00000,129.00000,130.00000,136.00000,172.00000,369.00000,385.00000,126.00000,131.00000,137.00000,173.00000,370.00000,385.00000,131.00000,132.00000,138.00000,174.00000,371.00000,385.00000,128.00000,135.00000,145.00000,221.00000,381.00000,385.00000,135.00000,136.00000,146.00000,222.00000,382.00000,385.00000,130.00000,135.00000,145.00000,221.00000,381.00000,385.00000,135.00000,136.00000,146.00000,222.00000,382.00000,385.00000,132.00000,137.00000,147.00000,223.00000,372.00000,385.00000,137.00000,138.00000,148.00000,224.00000,373.00000,385.00000,134.00000,145.00000,171.00000,302.00000,383.00000,385.00000,145.00000,146.00000,172.00000,303.00000,384.00000,385.00000,136.00000,145.00000,171.00000,302.00000,383.00000,385.00000,145.00000,146.00000,172.00000,303.00000,384.00000,385.00000,138.00000,147.00000,173.00000,304.00000,374.00000,385.00000,147.00000,148.00000,174.00000,305.00000,375.00000,385.00000,140.00000,165.00000,219.00000,344.00000,385.00000,385.00000,165.00000,166.00000,220.00000,345.00000,385.00000,385.00000,142.00000,165.00000,219.00000,344.00000,385.00000,385.00000,165.00000,166.00000,220.00000,345.00000,385.00000,385.00000,144.00000,171.00000,221.00000,344.00000,385.00000,385.00000,171.00000,172.00000,222.00000,345.00000,385.00000,385.00000,146.00000,171.00000,221.00000,344.00000,385.00000,385.00000,171.00000,172.00000,222.00000,345.00000,385.00000,385.00000,148.00000,173.00000,223.00000,346.00000,376.00000,385.00000,173.00000,174.00000,224.00000,347.00000,377.00000,385.00000,150.00000,181.00000,256.00000,350.00000,378.00000,385.00000,181.00000,182.00000,257.00000,351.00000,379.00000,385.00000,152.00000,181.00000,256.00000,350.00000,378.00000,385.00000,181.00000,182.00000,257.00000,351.00000,379.00000,385.00000,154.00000,193.00000,274.00000,358.00000,382.00000,385.00000,193.00000,194.00000,275.00000,359.00000,383.00000,385.00000,156.00000,193.00000,274.00000,358.00000,382.00000,385.00000,193.00000,194.00000,275.00000,359.00000,383.00000,385.00000,158.00000,213.00000,294.00000,366.00000,385.00000,385.00000,213.00000,214.00000,295.00000,367.00000,385.00000,385.00000,160.00000,213.00000,294.00000,366.00000,385.00000,385.00000,213.00000,214.00000,295.00000,367.00000,385.00000,385.00000,162.00000,215.00000,300.00000,368.00000,385.00000,385.00000,215.00000,216.00000,301.00000,369.00000,385.00000,385.00000,164.00000,215.00000,300.00000,368.00000,385.00000,385.00000,215.00000,216.00000,301.00000,369.00000,385.00000,385.00000,166.00000,219.00000,302.00000,368.00000,385.00000,385.00000,219.00000,220.00000,303.00000,369.00000,385.00000,385.00000,168.00000,219.00000,302.00000,368.00000,385.00000,385.00000,219.00000,220.00000,303.00000,369.00000,385.00000,385.00000,170.00000,221.00000,302.00000,368.00000,385.00000,385.00000,221.00000,222.00000,303.00000,369.00000,385.00000,385.00000,172.00000,221.00000,302.00000,368.00000,385.00000,385.00000,221.00000,222.00000,303.00000,369.00000,385.00000,385.00000,174.00000,223.00000,304.00000,370.00000,378.00000,385.00000,223.00000,224.00000,305.00000,371.00000,379.00000,385.00000,176.00000,246.00000,306.00000,371.00000,379.00000,385.00000,246.00000,247.00000,307.00000,372.00000,380.00000,385.00000,178.00000,246.00000,306.00000,371.00000,379.00000,385.00000,246.00000,247.00000,307.00000,372.00000,380.00000,385.00000,180.00000,256.00000,312.00000,372.00000,380.00000,385.00000,256.00000,257.00000,313.00000,373.00000,381.00000,385.00000,182.00000,256.00000,312.00000,372.00000,380.00000,385.00000,256.00000,257.00000,313.00000,373.00000,381.00000,385.00000,184.00000,258.00000,312.00000,372.00000,380.00000,385.00000,258.00000,259.00000,313.00000,373.00000,381.00000,385.00000,186.00000,258.00000,312.00000,372.00000,380.00000,385.00000,258.00000,259.00000,313.00000,373.00000,381.00000,385.00000,188.00000,272.00000,324.00000,376.00000,384.00000,385.00000,272.00000,273.00000,325.00000,377.00000,385.00000,385.00000,190.00000,272.00000,324.00000,376.00000,384.00000,385.00000,272.00000,273.00000,325.00000,377.00000,385.00000,385.00000,192.00000,274.00000,324.00000,376.00000,384.00000,385.00000,274.00000,275.00000,325.00000,377.00000,385.00000,385.00000,194.00000,274.00000,324.00000,376.00000,384.00000,385.00000,274.00000,275.00000,325.00000,377.00000,385.00000,385.00000,196.00000,278.00000,326.00000,377.00000,385.00000,385.00000,278.00000,279.00000,327.00000,378.00000,385.00000,385.00000,198.00000,278.00000,326.00000,377.00000,385.00000,385.00000,278.00000,279.00000,327.00000,378.00000,385.00000,385.00000,200.00000,280.00000,328.00000,377.00000,385.00000,385.00000,280.00000,281.00000,329.00000,378.00000,385.00000,385.00000,202.00000,280.00000,328.00000,377.00000,385.00000,385.00000,280.00000,281.00000,329.00000,378.00000,385.00000,385.00000,204.00000,282.00000,328.00000,377.00000,385.00000,385.00000,282.00000,283.00000,329.00000,378.00000,385.00000,385.00000,206.00000,282.00000,328.00000,377.00000,385.00000,385.00000,282.00000,283.00000,329.00000,378.00000,385.00000,385.00000,208.00000,292.00000,340.00000,380.00000,385.00000,385.00000,292.00000,293.00000,341.00000,381.00000,385.00000,385.00000,210.00000,292.00000,340.00000,380.00000,385.00000,385.00000,292.00000,293.00000,341.00000,381.00000,385.00000,385.00000,212.00000,294.00000,340.00000,380.00000,385.00000,385.00000,294.00000,295.00000,341.00000,381.00000,385.00000,385.00000,214.00000,294.00000,340.00000,380.00000,385.00000,385.00000,294.00000,295.00000,341.00000,381.00000,385.00000,385.00000,216.00000,300.00000,344.00000,381.00000,385.00000,385.00000,300.00000,301.00000,345.00000,382.00000,385.00000,385.00000,218.00000,300.00000,344.00000,381.00000,385.00000,385.00000,300.00000,301.00000,345.00000,382.00000,385.00000,385.00000,220.00000,302.00000,344.00000,381.00000,385.00000,385.00000,302.00000,303.00000,345.00000,382.00000,385.00000,385.00000,222.00000,302.00000,344.00000,381.00000,385.00000,385.00000,302.00000,303.00000,345.00000,382.00000,385.00000,385.00000,224.00000,304.00000,346.00000,372.00000,380.00000,385.00000,304.00000,305.00000,347.00000,373.00000,381.00000,385.00000,226.00000,227.00000,229.00000,233.00000,241.00000,378.00000,227.00000,228.00000,230.00000,234.00000,242.00000,379.00000,228.00000,229.00000,231.00000,235.00000,243.00000,380.00000,229.00000,230.00000,232.00000,236.00000,244.00000,381.00000,230.00000,231.00000,233.00000,237.00000,245.00000,382.00000,231.00000,232.00000,234.00000,238.00000,306.00000,383.00000,232.00000,233.00000,235.00000,239.00000,307.00000,384.00000,233.00000,234.00000,236.00000,240.00000,348.00000,385.00000,234.00000,235.00000,237.00000,241.00000,349.00000,385.00000,235.00000,236.00000,238.00000,242.00000,371.00000,385.00000,236.00000,237.00000,239.00000,243.00000,372.00000,385.00000,237.00000,238.00000,240.00000,244.00000,373.00000,385.00000,238.00000,239.00000,241.00000,245.00000,374.00000,385.00000,239.00000,240.00000,242.00000,306.00000,375.00000,385.00000,240.00000,241.00000,243.00000,307.00000,376.00000,385.00000,241.00000,242.00000,244.00000,348.00000,377.00000,385.00000,242.00000,243.00000,245.00000,349.00000,378.00000,385.00000,243.00000,244.00000,306.00000,371.00000,379.00000,385.00000,244.00000,245.00000,307.00000,372.00000,380.00000,385.00000,245.00000,306.00000,348.00000,373.00000,381.00000,385.00000,306.00000,307.00000,349.00000,374.00000,382.00000,385.00000,247.00000,306.00000,348.00000,373.00000,381.00000,385.00000,306.00000,307.00000,349.00000,374.00000,382.00000,385.00000,249.00000,308.00000,348.00000,373.00000,381.00000,385.00000,308.00000,309.00000,349.00000,374.00000,382.00000,385.00000,251.00000,308.00000,348.00000,373.00000,381.00000,385.00000,308.00000,309.00000,349.00000,374.00000,382.00000,385.00000,253.00000,310.00000,350.00000,374.00000,382.00000,385.00000,310.00000,311.00000,351.00000,375.00000,383.00000,385.00000,255.00000,310.00000,350.00000,374.00000,382.00000,385.00000,310.00000,311.00000,351.00000,375.00000,383.00000,385.00000,257.00000,312.00000,350.00000,374.00000,382.00000,385.00000,312.00000,313.00000,351.00000,375.00000,383.00000,385.00000,259.00000,312.00000,350.00000,374.00000,382.00000,385.00000,312.00000,313.00000,351.00000,375.00000,383.00000,385.00000,261.00000,316.00000,352.00000,375.00000,383.00000,385.00000,316.00000,317.00000,353.00000,376.00000,384.00000,385.00000,263.00000,316.00000,352.00000,375.00000,383.00000,385.00000,316.00000,317.00000,353.00000,376.00000,384.00000,385.00000,265.00000,318.00000,354.00000,376.00000,384.00000,385.00000,318.00000,319.00000,355.00000,377.00000,385.00000,385.00000,267.00000,318.00000,354.00000,376.00000,384.00000,385.00000,318.00000,319.00000,355.00000,377.00000,385.00000,385.00000,269.00000,320.00000,354.00000,376.00000,384.00000,385.00000,320.00000,321.00000,355.00000,377.00000,385.00000,385.00000,271.00000,320.00000,354.00000,376.00000,384.00000,385.00000,320.00000,321.00000,355.00000,377.00000,385.00000,385.00000,273.00000,324.00000,358.00000,378.00000,385.00000,385.00000,324.00000,325.00000,359.00000,379.00000,385.00000,385.00000,275.00000,324.00000,358.00000,378.00000,385.00000,385.00000,324.00000,325.00000,359.00000,379.00000,385.00000,385.00000,277.00000,326.00000,360.00000,379.00000,385.00000,385.00000,326.00000,327.00000,361.00000,380.00000,385.00000,385.00000,279.00000,326.00000,360.00000,379.00000,385.00000,385.00000,326.00000,327.00000,361.00000,380.00000,385.00000,385.00000,281.00000,328.00000,360.00000,379.00000,385.00000,385.00000,328.00000,329.00000,361.00000,380.00000,385.00000,385.00000,283.00000,328.00000,360.00000,379.00000,385.00000,385.00000,328.00000,329.00000,361.00000,380.00000,385.00000,385.00000,285.00000,332.00000,362.00000,380.00000,385.00000,385.00000,332.00000,333.00000,363.00000,381.00000,385.00000,385.00000,287.00000,332.00000,362.00000,380.00000,385.00000,385.00000,332.00000,333.00000,363.00000,381.00000,385.00000,385.00000,289.00000,336.00000,364.00000,381.00000,385.00000,385.00000,336.00000,337.00000,365.00000,382.00000,385.00000,385.00000,291.00000,336.00000,364.00000,381.00000,385.00000,385.00000,336.00000,337.00000,365.00000,382.00000,385.00000,385.00000,293.00000,340.00000,366.00000,382.00000,385.00000,385.00000,340.00000,341.00000,367.00000,383.00000,385.00000,385.00000,295.00000,340.00000,366.00000,382.00000,385.00000,385.00000,340.00000,341.00000,367.00000,383.00000,385.00000,385.00000,297.00000,342.00000,368.00000,383.00000,385.00000,385.00000,342.00000,343.00000,369.00000,384.00000,385.00000,385.00000,299.00000,342.00000,368.00000,383.00000,385.00000,385.00000,342.00000,343.00000,369.00000,384.00000,385.00000,385.00000,301.00000,344.00000,368.00000,383.00000,385.00000,385.00000,344.00000,345.00000,369.00000,384.00000,385.00000,385.00000,303.00000,344.00000,368.00000,383.00000,385.00000,385.00000,344.00000,345.00000,369.00000,384.00000,385.00000,385.00000,305.00000,346.00000,370.00000,374.00000,382.00000,385.00000,346.00000,347.00000,371.00000,375.00000,383.00000,385.00000,307.00000,348.00000,371.00000,375.00000,383.00000,385.00000,348.00000,349.00000,372.00000,376.00000,384.00000,385.00000,309.00000,348.00000,371.00000,375.00000,383.00000,385.00000,348.00000,349.00000,372.00000,376.00000,384.00000,385.00000,311.00000,350.00000,372.00000,376.00000,384.00000,385.00000,350.00000,351.00000,373.00000,377.00000,385.00000,385.00000,313.00000,350.00000,372.00000,376.00000,384.00000,385.00000,350.00000,351.00000,373.00000,377.00000,385.00000,385.00000,315.00000,352.00000,373.00000,377.00000,385.00000,385.00000,352.00000,353.00000,374.00000,378.00000,385.00000,385.00000,317.00000,352.00000,373.00000,377.00000,385.00000,385.00000,352.00000,353.00000,374.00000,378.00000,385.00000,385.00000,319.00000,354.00000,374.00000,378.00000,385.00000,385.00000,354.00000,355.00000,375.00000,379.00000,385.00000,385.00000,321.00000,354.00000,374.00000,378.00000,385.00000,385.00000,354.00000,355.00000,375.00000,379.00000,385.00000,385.00000,323.00000,358.00000,376.00000,380.00000,385.00000,385.00000,358.00000,359.00000,377.00000,381.00000,385.00000,385.00000,325.00000,358.00000,376.00000,380.00000,385.00000,385.00000,358.00000,359.00000,377.00000,381.00000,385.00000,385.00000,327.00000,360.00000,377.00000,381.00000,385.00000,385.00000,360.00000,361.00000,378.00000,382.00000,385.00000,385.00000,329.00000,360.00000,377.00000,381.00000,385.00000,385.00000,360.00000,361.00000,378.00000,382.00000,385.00000,385.00000,331.00000,362.00000,378.00000,382.00000,385.00000,385.00000,362.00000,363.00000,379.00000,383.00000,385.00000,385.00000,333.00000,362.00000,378.00000,382.00000,385.00000,385.00000,362.00000,363.00000,379.00000,383.00000,385.00000,385.00000,335.00000,364.00000,379.00000,383.00000,385.00000,385.00000,364.00000,365.00000,380.00000,384.00000,385.00000,385.00000,337.00000,364.00000,379.00000,383.00000,385.00000,385.00000,364.00000,365.00000,380.00000,384.00000,385.00000,385.00000,339.00000,366.00000,380.00000,384.00000,385.00000,385.00000,366.00000,367.00000,381.00000,385.00000,385.00000,385.00000,341.00000,366.00000,380.00000,384.00000,385.00000,385.00000,366.00000,367.00000,381.00000,385.00000,385.00000,385.00000,343.00000,368.00000,381.00000,385.00000,385.00000,385.00000,368.00000,369.00000,382.00000,385.00000,385.00000,385.00000,345.00000,368.00000,381.00000,385.00000,385.00000,385.00000,368.00000,369.00000,382.00000,385.00000,385.00000,385.00000,347.00000,370.00000,372.00000,376.00000,384.00000,385.00000,370.00000,371.00000,373.00000,377.00000,385.00000,385.00000,349.00000,371.00000,373.00000,377.00000,385.00000,385.00000,371.00000,372.00000,374.00000,378.00000,385.00000,385.00000,351.00000,372.00000,374.00000,378.00000,385.00000,385.00000,372.00000,373.00000,375.00000,379.00000,385.00000,385.00000,353.00000,373.00000,375.00000,379.00000,385.00000,385.00000,373.00000,374.00000,376.00000,380.00000,385.00000,385.00000,355.00000,374.00000,376.00000,380.00000,385.00000,385.00000,374.00000,375.00000,377.00000,381.00000,385.00000,385.00000,357.00000,375.00000,377.00000,381.00000,385.00000,385.00000,375.00000,376.00000,378.00000,382.00000,385.00000,385.00000,359.00000,376.00000,378.00000,382.00000,385.00000,385.00000,376.00000,377.00000,379.00000,383.00000,385.00000,385.00000,361.00000,377.00000,379.00000,383.00000,385.00000,385.00000,377.00000,378.00000,380.00000,384.00000,385.00000,385.00000,363.00000,378.00000,380.00000,384.00000,385.00000,385.00000,378.00000,379.00000,381.00000,385.00000,385.00000,385.00000,365.00000,379.00000,381.00000,385.00000,385.00000,385.00000,379.00000,380.00000,382.00000,385.00000,385.00000,385.00000,367.00000,380.00000,382.00000,385.00000,385.00000,385.00000,380.00000,381.00000,383.00000,385.00000,385.00000,385.00000,369.00000,381.00000,383.00000,385.00000,385.00000,385.00000,381.00000,382.00000,384.00000,385.00000,385.00000,385.00000,371.00000,372.00000,374.00000,378.00000,385.00000,385.00000,372.00000,373.00000,375.00000,379.00000,385.00000,385.00000,373.00000,374.00000,376.00000,380.00000,385.00000,385.00000,374.00000,375.00000,377.00000,381.00000,385.00000,385.00000,375.00000,376.00000,378.00000,382.00000,385.00000,385.00000,376.00000,377.00000,379.00000,383.00000,385.00000,385.00000,377.00000,378.00000,380.00000,384.00000,385.00000,385.00000,378.00000,379.00000,381.00000,385.00000,385.00000,385.00000,379.00000,380.00000,382.00000,385.00000,385.00000,385.00000,380.00000,381.00000,383.00000,385.00000,385.00000,385.00000,381.00000,382.00000,384.00000,385.00000,385.00000,385.00000,382.00000,383.00000,385.00000,385.00000,385.00000,385.00000,383.00000,384.00000,385.00000,385.00000,385.00000,385.00000,384.00000,385.00000,385.00000,385.00000,385.00000,385.00000,385.00000,385.00000,385.00000,385.00000,385.00000,385.00000,
26.00000,
23.00000,
1.00000,67.00000,113.00000,10.00000,21.00000,39.00000,52.00000,60.00000,64.00000,68.00000,73.00000,86.00000,111.00000,142.00000,163.00000,175.00000,178.00000,179.00000,180.00000,181.00000,182.00000,183.00000,184.00000,185.00000,186.00000,187.00000,2.00000,70.00000,115.00000,11.00000,29.00000,44.00000,55.00000,61.00000,65.00000,74.00000,87.00000,112.00000,143.00000,164.00000,176.00000,177.00000,178.00000,179.00000,180.00000,181.00000,182.00000,183.00000,184.00000,185.00000,186.00000,187.00000,3.00000,71.00000,116.00000,17.00000,36.00000,50.00000,59.00000,66.00000,69.00000,74.00000,87.00000,112.00000,143.00000,164.00000,176.00000,177.00000,178.00000,179.00000,180.00000,181.00000,182.00000,183.00000,184.00000,185.00000,186.00000,187.00000,4.00000,72.00000,117.00000,19.00000,38.00000,51.00000,62.00000,66.00000,69.00000,74.00000,87.00000,112.00000,143.00000,164.00000,176.00000,177.00000,178.00000,179.00000,180.00000,181.00000,182.00000,183.00000,184.00000,185.00000,186.00000,187.00000,5.00000,75.00000,118.00000,31.00000,45.00000,56.00000,63.00000,66.00000,69.00000,74.00000,87.00000,112.00000,143.00000,164.00000,176.00000,177.00000,178.00000,179.00000,180.00000,181.00000,182.00000,183.00000,184.00000,185.00000,186.00000,187.00000,6.00000,76.00000,121.00000,34.00000,49.00000,58.00000,166.00000,66.00000,69.00000,74.00000,87.00000,112.00000,143.00000,164.00000,176.00000,177.00000,178.00000,179.00000,180.00000,181.00000,182.00000,183.00000,184.00000,185.00000,186.00000,187.00000,7.00000,77.00000,122.00000,40.00000,53.00000,147.00000,170.00000,66.00000,69.00000,74.00000,87.00000,112.00000,143.00000,164.00000,176.00000,177.00000,178.00000,179.00000,180.00000,181.00000,182.00000,183.00000,184.00000,185.00000,186.00000,187.00000,8.00000,78.00000,123.00000,41.00000,57.00000,153.00000,174.00000,66.00000,69.00000,74.00000,87.00000,112.00000,143.00000,164.00000,176.00000,177.00000,178.00000,179.00000,180.00000,181.00000,182.00000,183.00000,184.00000,185.00000,186.00000,187.00000,9.00000,79.00000,124.00000,42.00000,110.00000,161.00000,174.00000,66.00000,69.00000,74.00000,87.00000,112.00000,143.00000,164.00000,176.00000,177.00000,178.00000,179.00000,180.00000,181.00000,182.00000,183.00000,184.00000,185.00000,186.00000,187.00000,12.00000,80.00000,125.00000,48.00000,119.00000,165.00000,174.00000,66.00000,69.00000,74.00000,87.00000,112.00000,143.00000,164.00000,176.00000,177.00000,178.00000,179.00000,180.00000,181.00000,182.00000,183.00000,184.00000,185.00000,186.00000,187.00000,13.00000,81.00000,126.00000,83.00000,128.00000,171.00000,174.00000,66.00000,69.00000,74.00000,87.00000,112.00000,143.00000,164.00000,176.00000,177.00000,178.00000,179.00000,180.00000,181.00000,182.00000,183.00000,184.00000,185.00000,186.00000,187.00000,14.00000,82.00000,129.00000,91.00000,138.00000,171.00000,174.00000,66.00000,69.00000,74.00000,87.00000,112.00000,143.00000,164.00000,176.00000,177.00000,178.00000,179.00000,180.00000,181.00000,182.00000,183.00000,184.00000,185.00000,186.00000,187.00000,15.00000,84.00000,133.00000,97.00000,141.00000,171.00000,174.00000,66.00000,69.00000,74.00000,87.00000,112.00000,143.00000,164.00000,176.00000,177.00000,178.00000,179.00000,180.00000,181.00000,182.00000,183.00000,184.00000,185.00000,186.00000,187.00000,16.00000,85.00000,134.00000,107.00000,144.00000,171.00000,174.00000,66.00000,69.00000,74.00000,87.00000,112.00000,143.00000,164.00000,176.00000,177.00000,178.00000,179.00000,180.00000,181.00000,182.00000,183.00000,184.00000,185.00000,186.00000,187.00000,18.00000,88.00000,135.00000,108.00000,154.00000,171.00000,174.00000,66.00000,69.00000,74.00000,87.00000,112.00000,143.00000,164.00000,176.00000,177.00000,178.00000,179.00000,180.00000,181.00000,182.00000,183.00000,184.00000,185.00000,186.00000,187.00000,20.00000,89.00000,136.00000,114.00000,155.00000,171.00000,174.00000,66.00000,69.00000,74.00000,87.00000,112.00000,143.00000,164.00000,176.00000,177.00000,178.00000,179.00000,180.00000,181.00000,182.00000,183.00000,184.00000,185.00000,186.00000,187.00000,22.00000,90.00000,139.00000,120.00000,167.00000,171.00000,174.00000,66.00000,69.00000,74.00000,87.00000,112.00000,143.00000,164.00000,176.00000,177.00000,178.00000,179.00000,180.00000,181.00000,182.00000,183.00000,184.00000,185.00000,186.00000,187.00000,23.00000,92.00000,140.00000,127.00000,168.00000,171.00000,174.00000,66.00000,69.00000,74.00000,87.00000,112.00000,143.00000,164.00000,176.00000,177.00000,178.00000,179.00000,180.00000,181.00000,182.00000,183.00000,184.00000,185.00000,186.00000,187.00000,24.00000,93.00000,148.00000,130.00000,172.00000,171.00000,174.00000,66.00000,69.00000,74.00000,87.00000,112.00000,143.00000,164.00000,176.00000,177.00000,178.00000,179.00000,180.00000,181.00000,182.00000,183.00000,184.00000,185.00000,186.00000,187.00000,25.00000,94.00000,152.00000,131.00000,173.00000,171.00000,174.00000,66.00000,69.00000,74.00000,87.00000,112.00000,143.00000,164.00000,176.00000,177.00000,178.00000,179.00000,180.00000,181.00000,182.00000,183.00000,184.00000,185.00000,186.00000,187.00000,26.00000,95.00000,156.00000,132.00000,173.00000,171.00000,174.00000,66.00000,69.00000,74.00000,87.00000,112.00000,143.00000,164.00000,176.00000,177.00000,178.00000,179.00000,180.00000,181.00000,182.00000,183.00000,184.00000,185.00000,186.00000,187.00000,27.00000,96.00000,158.00000,137.00000,173.00000,171.00000,174.00000,66.00000,69.00000,74.00000,87.00000,112.00000,143.00000,164.00000,176.00000,177.00000,178.00000,179.00000,180.00000,181.00000,182.00000,183.00000,184.00000,185.00000,186.00000,187.00000,28.00000,98.00000,160.00000,145.00000,173.00000,171.00000,174.00000,66.00000,69.00000,74.00000,87.00000,112.00000,143.00000,164.00000,176.00000,177.00000,178.00000,179.00000,180.00000,181.00000,182.00000,183.00000,184.00000,185.00000,186.00000,187.00000,30.00000,99.00000,169.00000,146.00000,173.00000,171.00000,174.00000,66.00000,69.00000,74.00000,87.00000,112.00000,143.00000,164.00000,176.00000,177.00000,178.00000,179.00000,180.00000,181.00000,182.00000,183.00000,184.00000,185.00000,186.00000,187.00000,32.00000,100.00000,169.00000,149.00000,173.00000,171.00000,174.00000,66.00000,69.00000,74.00000,87.00000,112.00000,143.00000,164.00000,176.00000,177.00000,178.00000,179.00000,180.00000,181.00000,182.00000,183.00000,184.00000,185.00000,186.00000,187.00000,33.00000,101.00000,169.00000,150.00000,173.00000,171.00000,174.00000,66.00000,69.00000,74.00000,87.00000,112.00000,143.00000,164.00000,176.00000,177.00000,178.00000,179.00000,180.00000,181.00000,182.00000,183.00000,184.00000,185.00000,186.00000,187.00000,35.00000,102.00000,169.00000,151.00000,173.00000,171.00000,174.00000,66.00000,69.00000,74.00000,87.00000,112.00000,143.00000,164.00000,176.00000,177.00000,178.00000,179.00000,180.00000,181.00000,182.00000,183.00000,184.00000,185.00000,186.00000,187.00000,37.00000,103.00000,169.00000,157.00000,173.00000,171.00000,174.00000,66.00000,69.00000,74.00000,87.00000,112.00000,143.00000,164.00000,176.00000,177.00000,178.00000,179.00000,180.00000,181.00000,182.00000,183.00000,184.00000,185.00000,186.00000,187.00000,43.00000,104.00000,169.00000,159.00000,173.00000,171.00000,174.00000,66.00000,69.00000,74.00000,87.00000,112.00000,143.00000,164.00000,176.00000,177.00000,178.00000,179.00000,180.00000,181.00000,182.00000,183.00000,184.00000,185.00000,186.00000,187.00000,46.00000,105.00000,169.00000,162.00000,173.00000,171.00000,174.00000,66.00000,69.00000,74.00000,87.00000,112.00000,143.00000,164.00000,176.00000,177.00000,178.00000,179.00000,180.00000,181.00000,182.00000,183.00000,184.00000,185.00000,186.00000,187.00000,47.00000,106.00000,169.00000,162.00000,173.00000,171.00000,174.00000,66.00000,69.00000,74.00000,87.00000,112.00000,143.00000,164.00000,176.00000,177.00000,178.00000,179.00000,180.00000,181.00000,182.00000,183.00000,184.00000,185.00000,186.00000,187.00000,54.00000,109.00000,169.00000,162.00000,173.00000,171.00000,174.00000,66.00000,69.00000,74.00000,87.00000,112.00000,143.00000,164.00000,176.00000,177.00000,178.00000,179.00000,180.00000,181.00000,182.00000,183.00000,184.00000,185.00000,186.00000,187.00000,
1.00000,5.00000,11.00000,21.00000,28.00000,32.00000,35.00000,37.00000,40.00000,47.00000,60.00000,76.00000,87.00000,90.00000,91.00000,92.00000,93.00000,94.00000,95.00000,96.00000,97.00000,98.00000,99.00000,2.00000,6.00000,15.00000,23.00000,29.00000,33.00000,38.00000,41.00000,48.00000,61.00000,77.00000,88.00000,89.00000,90.00000,91.00000,92.00000,93.00000,94.00000,95.00000,96.00000,97.00000,98.00000,99.00000,3.00000,9.00000,19.00000,27.00000,34.00000,36.00000,38.00000,41.00000,48.00000,61.00000,77.00000,88.00000,89.00000,90.00000,91.00000,92.00000,93.00000,94.00000,95.00000,96.00000,97.00000,98.00000,99.00000,4.00000,10.00000,20.00000,30.00000,34.00000,36.00000,38.00000,41.00000,48.00000,61.00000,77.00000,88.00000,89.00000,90.00000,91.00000,92.00000,93.00000,94.00000,95.00000,96.00000,97.00000,98.00000,99.00000,7.00000,16.00000,24.00000,31.00000,34.00000,36.00000,38.00000,41.00000,48.00000,61.00000,77.00000,88.00000,89.00000,90.00000,91.00000,92.00000,93.00000,94.00000,95.00000,96.00000,97.00000,98.00000,99.00000,8.00000,18.00000,26.00000,79.00000,34.00000,36.00000,38.00000,41.00000,48.00000,61.00000,77.00000,88.00000,89.00000,90.00000,91.00000,92.00000,93.00000,94.00000,95.00000,96.00000,97.00000,98.00000,99.00000,12.00000,22.00000,65.00000,82.00000,34.00000,36.00000,38.00000,41.00000,48.00000,61.00000,77.00000,88.00000,89.00000,90.00000,91.00000,92.00000,93.00000,94.00000,95.00000,96.00000,97.00000,98.00000,99.00000,13.00000,25.00000,69.00000,86.00000,34.00000,36.00000,38.00000,41.00000,48.00000,61.00000,77.00000,88.00000,89.00000,90.00000,91.00000,92.00000,93.00000,94.00000,95.00000,96.00000,97.00000,98.00000,99.00000,14.00000,46.00000,74.00000,86.00000,34.00000,36.00000,38.00000,41.00000,48.00000,61.00000,77.00000,88.00000,89.00000,90.00000,91.00000,92.00000,93.00000,94.00000,95.00000,96.00000,97.00000,98.00000,99.00000,17.00000,50.00000,78.00000,86.00000,34.00000,36.00000,38.00000,41.00000,48.00000,61.00000,77.00000,88.00000,89.00000,90.00000,91.00000,92.00000,93.00000,94.00000,95.00000,96.00000,97.00000,98.00000,99.00000,39.00000,53.00000,83.00000,86.00000,34.00000,36.00000,38.00000,41.00000,48.00000,61.00000,77.00000,88.00000,89.00000,90.00000,91.00000,92.00000,93.00000,94.00000,95.00000,96.00000,97.00000,98.00000,99.00000,42.00000,58.00000,83.00000,86.00000,34.00000,36.00000,38.00000,41.00000,48.00000,61.00000,77.00000,88.00000,89.00000,90.00000,91.00000,92.00000,93.00000,94.00000,95.00000,96.00000,97.00000,98.00000,99.00000,43.00000,59.00000,83.00000,86.00000,34.00000,36.00000,38.00000,41.00000,48.00000,61.00000,77.00000,88.00000,89.00000,90.00000,91.00000,92.00000,93.00000,94.00000,95.00000,96.00000,97.00000,98.00000,99.00000,44.00000,62.00000,83.00000,86.00000,34.00000,36.00000,38.00000,41.00000,48.00000,61.00000,77.00000,88.00000,89.00000,90.00000,91.00000,92.00000,93.00000,94.00000,95.00000,96.00000,97.00000,98.00000,99.00000,45.00000,70.00000,83.00000,86.00000,34.00000,36.00000,38.00000,41.00000,48.00000,61.00000,77.00000,88.00000,89.00000,90.00000,91.00000,92.00000,93.00000,94.00000,95.00000,96.00000,97.00000,98.00000,99.00000,49.00000,71.00000,83.00000,86.00000,34.00000,36.00000,38.00000,41.00000,48.00000,61.00000,77.00000,88.00000,89.00000,90.00000,91.00000,92.00000,93.00000,94.00000,95.00000,96.00000,97.00000,98.00000,99.00000,51.00000,80.00000,83.00000,86.00000,34.00000,36.00000,38.00000,41.00000,48.00000,61.00000,77.00000,88.00000,89.00000,90.00000,91.00000,92.00000,93.00000,94.00000,95.00000,96.00000,97.00000,98.00000,99.00000,52.00000,81.00000,83.00000,86.00000,34.00000,36.00000,38.00000,41.00000,48.00000,61.00000,77.00000,88.00000,89.00000,90.00000,91.00000,92.00000,93.00000,94.00000,95.00000,96.00000,97.00000,98.00000,99.00000,54.00000,84.00000,83.00000,86.00000,34.00000,36.00000,38.00000,41.00000,48.00000,61.00000,77.00000,88.00000,89.00000,90.00000,91.00000,92.00000,93.00000,94.00000,95.00000,96.00000,97.00000,98.00000,99.00000,55.00000,85.00000,83.00000,86.00000,34.00000,36.00000,38.00000,41.00000,48.00000,61.00000,77.00000,88.00000,89.00000,90.00000,91.00000,92.00000,93.00000,94.00000,95.00000,96.00000,97.00000,98.00000,99.00000,56.00000,85.00000,83.00000,86.00000,34.00000,36.00000,38.00000,41.00000,48.00000,61.00000,77.00000,88.00000,89.00000,90.00000,91.00000,92.00000,93.00000,94.00000,95.00000,96.00000,97.00000,98.00000,99.00000,57.00000,85.00000,83.00000,86.00000,34.00000,36.00000,38.00000,41.00000,48.00000,61.00000,77.00000,88.00000,89.00000,90.00000,91.00000,92.00000,93.00000,94.00000,95.00000,96.00000,97.00000,98.00000,99.00000,63.00000,85.00000,83.00000,86.00000,34.00000,36.00000,38.00000,41.00000,48.00000,61.00000,77.00000,88.00000,89.00000,90.00000,91.00000,92.00000,93.00000,94.00000,95.00000,96.00000,97.00000,98.00000,99.00000,64.00000,85.00000,83.00000,86.00000,34.00000,36.00000,38.00000,41.00000,48.00000,61.00000,77.00000,88.00000,89.00000,90.00000,91.00000,92.00000,93.00000,94.00000,95.00000,96.00000,97.00000,98.00000,99.00000,66.00000,85.00000,83.00000,86.00000,34.00000,36.00000,38.00000,41.00000,48.00000,61.00000,77.00000,88.00000,89.00000,90.00000,91.00000,92.00000,93.00000,94.00000,95.00000,96.00000,97.00000,98.00000,99.00000,67.00000,85.00000,83.00000,86.00000,34.00000,36.00000,38.00000,41.00000,48.00000,61.00000,77.00000,88.00000,89.00000,90.00000,91.00000,92.00000,93.00000,94.00000,95.00000,96.00000,97.00000,98.00000,99.00000,68.00000,85.00000,83.00000,86.00000,34.00000,36.00000,38.00000,41.00000,48.00000,61.00000,77.00000,88.00000,89.00000,90.00000,91.00000,92.00000,93.00000,94.00000,95.00000,96.00000,97.00000,98.00000,99.00000,72.00000,85.00000,83.00000,86.00000,34.00000,36.00000,38.00000,41.00000,48.00000,61.00000,77.00000,88.00000,89.00000,90.00000,91.00000,92.00000,93.00000,94.00000,95.00000,96.00000,97.00000,98.00000,99.00000,73.00000,85.00000,83.00000,86.00000,34.00000,36.00000,38.00000,41.00000,48.00000,61.00000,77.00000,88.00000,89.00000,90.00000,91.00000,92.00000,93.00000,94.00000,95.00000,96.00000,97.00000,98.00000,99.00000,75.00000,85.00000,83.00000,86.00000,34.00000,36.00000,38.00000,41.00000,48.00000,61.00000,77.00000,88.00000,89.00000,90.00000,91.00000,92.00000,93.00000,94.00000,95.00000,96.00000,97.00000,98.00000,99.00000,75.00000,85.00000,83.00000,86.00000,34.00000,36.00000,38.00000,41.00000,48.00000,61.00000,77.00000,88.00000,89.00000,90.00000,91.00000,92.00000,93.00000,94.00000,95.00000,96.00000,97.00000,98.00000,99.00000,75.00000,85.00000,83.00000,86.00000,34.00000,36.00000,38.00000,41.00000,48.00000,61.00000,77.00000,88.00000,89.00000,90.00000,91.00000,92.00000,93.00000,94.00000,95.00000,96.00000,97.00000,98.00000,99.00000,
24.00000,
0.00000,3.00000,4.00000,5.00000,6.00000,7.00000,8.00000,9.00000,10.00000,11.00000,12.00000,13.00000,14.00000,15.00000,16.00000,17.00000,18.00000,19.00000,20.00000,21.00000,22.00000,23.00000,24.00000,25.00000,
2.00000,3.00000,4.00000,5.00000,6.00000,7.00000,8.00000,9.00000,10.00000,11.00000,12.00000,13.00000,14.00000,15.00000,16.00000,17.00000,18.00000,19.00000,20.00000,21.00000,22.00000,23.00000,24.00000,25.00000,
23.00000,
0.00000,1.00000,2.00000,3.00000,4.00000,5.00000,6.00000,7.00000,8.00000,9.00000,10.00000,11.00000,12.00000,13.00000,14.00000,15.00000,16.00000,17.00000,18.00000,19.00000,20.00000,21.00000,22.00000,
0.00000,1.00000,2.00000,3.00000,4.00000,5.00000,6.00000,7.00000,8.00000,9.00000,10.00000,11.00000,12.00000,13.00000,14.00000,15.00000,16.00000,17.00000,18.00000,19.00000,20.00000,21.00000,22.00000,
65535.00000,1.00000,18.00000,3.00000,18.00000,5.00000,20.00000,7.00000,20.00000,9.00000,32.00000,11.00000,32.00000,13.00000,36.00000,15.00000,36.00000,17.00000,40.00000,19.00000,40.00000,21.00000,56.00000,23.00000,56.00000,25.00000,60.00000,27.00000,60.00000,29.00000,66.00000,31.00000,70.00000,33.00000,70.00000,35.00000,74.00000,37.00000,74.00000,39.00000,76.00000,41.00000,76.00000,43.00000,78.00000,45.00000,78.00000,47.00000,80.00000,49.00000,80.00000,51.00000,82.00000,53.00000,82.00000,55.00000,86.00000,57.00000,86.00000,59.00000,88.00000,61.00000,88.00000,63.00000,94.00000,65.00000,94.00000,67.00000,96.00000,69.00000,98.00000,71.00000,98.00000,73.00000,100.00000,75.00000,100.00000,77.00000,102.00000,79.00000,102.00000,81.00000,104.00000,83.00000,104.00000,85.00000,108.00000,87.00000,108.00000,89.00000,110.00000,91.00000,110.00000,93.00000,112.00000,95.00000,112.00000,97.00000,114.00000,99.00000,116.00000,101.00000,116.00000,103.00000,118.00000,105.00000,118.00000,107.00000,120.00000,109.00000,120.00000,111.00000,122.00000,113.00000,122.00000,115.00000,124.00000,117.00000,126.00000,119.00000,126.00000,121.00000,128.00000,123.00000,128.00000,125.00000,130.00000,127.00000,134.00000,129.00000,134.00000,131.00000,136.00000,133.00000,144.00000,135.00000,144.00000,137.00000,146.00000,139.00000,164.00000,141.00000,164.00000,143.00000,170.00000,145.00000,170.00000,147.00000,172.00000,149.00000,180.00000,151.00000,180.00000,153.00000,192.00000,155.00000,192.00000,157.00000,212.00000,159.00000,212.00000,161.00000,214.00000,163.00000,214.00000,165.00000,218.00000,167.00000,218.00000,169.00000,220.00000,171.00000,220.00000,173.00000,222.00000,175.00000,245.00000,177.00000,245.00000,179.00000,255.00000,181.00000,255.00000,183.00000,257.00000,185.00000,257.00000,187.00000,271.00000,189.00000,271.00000,191.00000,273.00000,193.00000,273.00000,195.00000,277.00000,197.00000,277.00000,199.00000,279.00000,201.00000,279.00000,203.00000,281.00000,205.00000,281.00000,207.00000,291.00000,209.00000,291.00000,211.00000,293.00000,213.00000,293.00000,215.00000,299.00000,217.00000,299.00000,219.00000,301.00000,221.00000,301.00000,223.00000,303.00000,225.00000,226.00000,227.00000,228.00000,229.00000,230.00000,231.00000,232.00000,233.00000,234.00000,235.00000,236.00000,237.00000,238.00000,239.00000,240.00000,241.00000,242.00000,243.00000,244.00000,305.00000,246.00000,305.00000,248.00000,307.00000,250.00000,307.00000,252.00000,309.00000,254.00000,309.00000,256.00000,311.00000,258.00000,311.00000,260.00000,315.00000,262.00000,315.00000,264.00000,317.00000,266.00000,317.00000,268.00000,319.00000,270.00000,319.00000,272.00000,323.00000,274.00000,323.00000,276.00000,325.00000,278.00000,325.00000,280.00000,327.00000,282.00000,327.00000,284.00000,331.00000,286.00000,331.00000,288.00000,335.00000,290.00000,335.00000,292.00000,339.00000,294.00000,339.00000,296.00000,341.00000,298.00000,341.00000,300.00000,343.00000,302.00000,343.00000,304.00000,345.00000,306.00000,347.00000,308.00000,347.00000,310.00000,349.00000,312.00000,349.00000,314.00000,351.00000,316.00000,351.00000,318.00000,353.00000,320.00000,353.00000,322.00000,357.00000,324.00000,357.00000,326.00000,359.00000,328.00000,359.00000,330.00000,361.00000,332.00000,361.00000,334.00000,363.00000,336.00000,363.00000,338.00000,365.00000,340.00000,365.00000,342.00000,367.00000,344.00000,367.00000,346.00000,369.00000,348.00000,370.00000,350.00000,371.00000,352.00000,372.00000,354.00000,373.00000,356.00000,374.00000,358.00000,375.00000,360.00000,376.00000,362.00000,377.00000,364.00000,378.00000,366.00000,379.00000,368.00000,380.00000,370.00000,371.00000,372.00000,373.00000,374.00000,375.00000,376.00000,377.00000,378.00000,379.00000,380.00000,381.00000,382.00000,383.00000,383.00000,
